Date;Discipline;Venue;Race (R) or Training (TR);Gate;Gate-Gate Distance (m);Turning Angle [°];Offset [m];Steepness [°];Slope change [°];Vertical Distance [m];Altitude (m);Latitude (°);Longitude (°);Gender;Run;Country;Course name;Course setter;Gates (#);Turning Gates (#);Start Altitude (m);Finish Altitude (m);Vertical Drop (m);Start time;Weather;Snow;Temp Start (°C);Temp Finish (°C);Nation;Best;Is Fastest?;ID;total time (sec);Time (ms)
2024-01-07;SL;Adelboden;R;1.0;8.8;12.04;0.84;-25.03;;;;;;M;1.0;Switzerland;Chuenisbaergli;FUESS Robert;69.0;67.0;1513.0;1302.0;211.0;10:30;MOSTLY CLOUDY;COMPACT;-5.0;-3.0;NOR;STEEN OLSEN Alexander;yes;07,01,2024Adelboden1NOR;56.79;0.88
2024-01-07;SL;Adelboden;R;1.0;8.8;12.04;0.84;-25.03;;;;;;M;1.0;Switzerland;Chuenisbaergli;FUESS Robert;69.0;67.0;1513.0;1302.0;211.0;10:30;MOSTLY CLOUDY;COMPACT;-5.0;-3.0;SUI;ZENHAEUSERN Ramon;no;07,01,2024Adelboden1SUI;57.44;0.9
2024-01-07;SL;Adelboden;R;2.0;9.17;34.34;2.6;-23.35;;;;;;M;1.0;Switzerland;Chuenisbaergli;FUESS Robert;69.0;67.0;1513.0;1302.0;211.0;10:30;MOSTLY CLOUDY;COMPACT;-5.0;-3.0;NOR;STEEN OLSEN Alexander;yes;07,01,2024Adelboden1NOR;56.79;0.98
2024-01-07;SL;Adelboden;R;2.0;9.17;34.34;2.6;-23.35;;;;;;M;1.0;Switzerland;Chuenisbaergli;FUESS Robert;69.0;67.0;1513.0;1302.0;211.0;10:30;MOSTLY CLOUDY;COMPACT;-5.0;-3.0;SUI;ZENHAEUSERN Ramon;no;07,01,2024Adelboden1SUI;57.44;0.9
2024-01-07;SL;Adelboden;R;3.0;10.2;41.45;3.3;-21.42;;;;;;M;1.0;Switzerland;Chuenisbaergli;FUESS Robert;69.0;67.0;1513.0;1302.0;211.0;10:30;MOSTLY CLOUDY;COMPACT;-5.0;-3.0;NOR;STEEN OLSEN Alexander;yes;07,01,2024Adelboden1NOR;56.79;0.76
2024-01-07;SL;Adelboden;R;3.0;10.2;41.45;3.3;-21.42;;;;;;M;1.0;Switzerland;Chuenisbaergli;FUESS Robert;69.0;67.0;1513.0;1302.0;211.0;10:30;MOSTLY CLOUDY;COMPACT;-5.0;-3.0;SUI;ZENHAEUSERN Ramon;no;07,01,2024Adelboden1SUI;57.44;0.82
2024-01-07;SL;Adelboden;R;4.0;10.15;43.45;3.43;-22.1;;;;;;M;1.0;Switzerland;Chuenisbaergli;FUESS Robert;69.0;67.0;1513.0;1302.0;211.0;10:30;MOSTLY CLOUDY;COMPACT;-5.0;-3.0;NOR;STEEN OLSEN Alexander;yes;07,01,2024Adelboden1NOR;56.79;0.88
2024-01-07;SL;Adelboden;R;4.0;10.15;43.45;3.43;-22.1;;;;;;M;1.0;Switzerland;Chuenisbaergli;FUESS Robert;69.0;67.0;1513.0;1302.0;211.0;10:30;MOSTLY CLOUDY;COMPACT;-5.0;-3.0;SUI;ZENHAEUSERN Ramon;no;07,01,2024Adelboden1SUI;57.44;0.92
2024-01-07;SL;Adelboden;R;5.0;9.82;24.72;1.57;-18.05;;;;;;M;1.0;Switzerland;Chuenisbaergli;FUESS Robert;69.0;67.0;1513.0;1302.0;211.0;10:30;MOSTLY CLOUDY;COMPACT;-5.0;-3.0;NOR;STEEN OLSEN Alexander;yes;07,01,2024Adelboden1NOR;56.79;0.44
2024-01-07;SL;Adelboden;R;5.0;9.82;24.72;1.57;-18.05;;;;;;M;1.0;Switzerland;Chuenisbaergli;FUESS Robert;69.0;67.0;1513.0;1302.0;211.0;10:30;MOSTLY CLOUDY;COMPACT;-5.0;-3.0;SUI;ZENHAEUSERN Ramon;no;07,01,2024Adelboden1SUI;57.44;0.5
2024-01-07;SL;Adelboden;R;6.0;6.61;22.78;1.47;-21.7;;;;;;M;1.0;Switzerland;Chuenisbaergli;FUESS Robert;69.0;67.0;1513.0;1302.0;211.0;10:30;MOSTLY CLOUDY;COMPACT;-5.0;-3.0;NOR;STEEN OLSEN Alexander;yes;07,01,2024Adelboden1NOR;56.79;0.88
2024-01-07;SL;Adelboden;R;6.0;6.61;22.78;1.47;-21.7;;;;;;M;1.0;Switzerland;Chuenisbaergli;FUESS Robert;69.0;67.0;1513.0;1302.0;211.0;10:30;MOSTLY CLOUDY;COMPACT;-5.0;-3.0;SUI;ZENHAEUSERN Ramon;no;07,01,2024Adelboden1SUI;57.44;0.92
2024-01-07;SL;Adelboden;R;7.0;10.12;38.81;3.14;-17.91;;;;;;M;1.0;Switzerland;Chuenisbaergli;FUESS Robert;69.0;67.0;1513.0;1302.0;211.0;10:30;MOSTLY CLOUDY;COMPACT;-5.0;-3.0;NOR;STEEN OLSEN Alexander;yes;07,01,2024Adelboden1NOR;56.79;0.82
2024-01-07;SL;Adelboden;R;7.0;10.12;38.81;3.14;-17.91;;;;;;M;1.0;Switzerland;Chuenisbaergli;FUESS Robert;69.0;67.0;1513.0;1302.0;211.0;10:30;MOSTLY CLOUDY;COMPACT;-5.0;-3.0;SUI;ZENHAEUSERN Ramon;no;07,01,2024Adelboden1SUI;57.44;0.82
2024-01-07;SL;Adelboden;R;8.0;10.24;36.75;2.98;-22.21;;;;;;M;1.0;Switzerland;Chuenisbaergli;FUESS Robert;69.0;67.0;1513.0;1302.0;211.0;10:30;MOSTLY CLOUDY;COMPACT;-5.0;-3.0;NOR;STEEN OLSEN Alexander;yes;07,01,2024Adelboden1NOR;56.79;0.84
2024-01-07;SL;Adelboden;R;8.0;10.24;36.75;2.98;-22.21;;;;;;M;1.0;Switzerland;Chuenisbaergli;FUESS Robert;69.0;67.0;1513.0;1302.0;211.0;10:30;MOSTLY CLOUDY;COMPACT;-5.0;-3.0;SUI;ZENHAEUSERN Ramon;no;07,01,2024Adelboden1SUI;57.44;0.86
2024-01-07;SL;Adelboden;R;9.0;9.91;44.9;3.58;-14.48;;;;;;M;1.0;Switzerland;Chuenisbaergli;FUESS Robert;69.0;67.0;1513.0;1302.0;211.0;10:30;MOSTLY CLOUDY;COMPACT;-5.0;-3.0;NOR;STEEN OLSEN Alexander;yes;07,01,2024Adelboden1NOR;56.79;0.86
2024-01-07;SL;Adelboden;R;9.0;9.91;44.9;3.58;-14.48;;;;;;M;1.0;Switzerland;Chuenisbaergli;FUESS Robert;69.0;67.0;1513.0;1302.0;211.0;10:30;MOSTLY CLOUDY;COMPACT;-5.0;-3.0;SUI;ZENHAEUSERN Ramon;no;07,01,2024Adelboden1SUI;57.44;0.88
2024-01-07;SL;Adelboden;R;10.0;9.86;42.98;3.44;-20.06;;;;;;M;1.0;Switzerland;Chuenisbaergli;FUESS Robert;69.0;67.0;1513.0;1302.0;211.0;10:30;MOSTLY CLOUDY;COMPACT;-5.0;-3.0;NOR;STEEN OLSEN Alexander;yes;07,01,2024Adelboden1NOR;56.79;0.9
2024-01-07;SL;Adelboden;R;10.0;9.86;42.98;3.44;-20.06;;;;;;M;1.0;Switzerland;Chuenisbaergli;FUESS Robert;69.0;67.0;1513.0;1302.0;211.0;10:30;MOSTLY CLOUDY;COMPACT;-5.0;-3.0;SUI;ZENHAEUSERN Ramon;no;07,01,2024Adelboden1SUI;57.44;0.88
2024-01-07;SL;Adelboden;R;11.0;10.15;42.61;3.53;-17.96;;;;;;M;1.0;Switzerland;Chuenisbaergli;FUESS Robert;69.0;67.0;1513.0;1302.0;211.0;10:30;MOSTLY CLOUDY;COMPACT;-5.0;-3.0;NOR;STEEN OLSEN Alexander;yes;07,01,2024Adelboden1NOR;56.79;0.86
2024-01-07;SL;Adelboden;R;11.0;10.15;42.61;3.53;-17.96;;;;;;M;1.0;Switzerland;Chuenisbaergli;FUESS Robert;69.0;67.0;1513.0;1302.0;211.0;10:30;MOSTLY CLOUDY;COMPACT;-5.0;-3.0;SUI;ZENHAEUSERN Ramon;no;07,01,2024Adelboden1SUI;57.44;0.82
2024-01-07;SL;Adelboden;R;12.0;10.39;23.76;1.55;-17.77;;;;;;M;1.0;Switzerland;Chuenisbaergli;FUESS Robert;69.0;67.0;1513.0;1302.0;211.0;10:30;MOSTLY CLOUDY;COMPACT;-5.0;-3.0;NOR;STEEN OLSEN Alexander;yes;07,01,2024Adelboden1NOR;56.79;0.46
2024-01-07;SL;Adelboden;R;12.0;10.39;23.76;1.55;-17.77;;;;;;M;1.0;Switzerland;Chuenisbaergli;FUESS Robert;69.0;67.0;1513.0;1302.0;211.0;10:30;MOSTLY CLOUDY;COMPACT;-5.0;-3.0;SUI;ZENHAEUSERN Ramon;no;07,01,2024Adelboden1SUI;57.44;0.48
2024-01-07;SL;Adelboden;R;13.0;6.27;17.97;1.14;-12.06;;;;;;M;1.0;Switzerland;Chuenisbaergli;FUESS Robert;69.0;67.0;1513.0;1302.0;211.0;10:30;MOSTLY CLOUDY;COMPACT;-5.0;-3.0;NOR;STEEN OLSEN Alexander;yes;07,01,2024Adelboden1NOR;56.79;0.92
2024-01-07;SL;Adelboden;R;13.0;6.27;17.97;1.14;-12.06;;;;;;M;1.0;Switzerland;Chuenisbaergli;FUESS Robert;69.0;67.0;1513.0;1302.0;211.0;10:30;MOSTLY CLOUDY;COMPACT;-5.0;-3.0;SUI;ZENHAEUSERN Ramon;no;07,01,2024Adelboden1SUI;57.44;0.94
2024-01-07;SL;Adelboden;R;14.0;9.52;33.36;2.72;-17.98;;;;;;M;1.0;Switzerland;Chuenisbaergli;FUESS Robert;69.0;67.0;1513.0;1302.0;211.0;10:30;MOSTLY CLOUDY;COMPACT;-5.0;-3.0;NOR;STEEN OLSEN Alexander;yes;07,01,2024Adelboden1NOR;56.79;0.9
2024-01-07;SL;Adelboden;R;14.0;9.52;33.36;2.72;-17.98;;;;;;M;1.0;Switzerland;Chuenisbaergli;FUESS Robert;69.0;67.0;1513.0;1302.0;211.0;10:30;MOSTLY CLOUDY;COMPACT;-5.0;-3.0;SUI;ZENHAEUSERN Ramon;no;07,01,2024Adelboden1SUI;57.44;0.9
2024-01-07;SL;Adelboden;R;15.0;10.69;44.27;3.74;-19.14;;;;;;M;1.0;Switzerland;Chuenisbaergli;FUESS Robert;69.0;67.0;1513.0;1302.0;211.0;10:30;MOSTLY CLOUDY;COMPACT;-5.0;-3.0;NOR;STEEN OLSEN Alexander;yes;07,01,2024Adelboden1NOR;56.79;0.88
2024-01-07;SL;Adelboden;R;15.0;10.69;44.27;3.74;-19.14;;;;;;M;1.0;Switzerland;Chuenisbaergli;FUESS Robert;69.0;67.0;1513.0;1302.0;211.0;10:30;MOSTLY CLOUDY;COMPACT;-5.0;-3.0;SUI;ZENHAEUSERN Ramon;no;07,01,2024Adelboden1SUI;57.44;0.84
2024-01-07;SL;Adelboden;R;16.0;10.42;46.96;3.98;-18.02;;;;;;M;1.0;Switzerland;Chuenisbaergli;FUESS Robert;69.0;67.0;1513.0;1302.0;211.0;10:30;MOSTLY CLOUDY;COMPACT;-5.0;-3.0;NOR;STEEN OLSEN Alexander;yes;07,01,2024Adelboden1NOR;56.79;1.0
2024-01-07;SL;Adelboden;R;16.0;10.42;46.96;3.98;-18.02;;;;;;M;1.0;Switzerland;Chuenisbaergli;FUESS Robert;69.0;67.0;1513.0;1302.0;211.0;10:30;MOSTLY CLOUDY;COMPACT;-5.0;-3.0;SUI;ZENHAEUSERN Ramon;no;07,01,2024Adelboden1SUI;57.44;0.92
2024-01-07;SL;Adelboden;R;17.0;10.62;44.95;3.87;-16.52;;;;;;M;1.0;Switzerland;Chuenisbaergli;FUESS Robert;69.0;67.0;1513.0;1302.0;211.0;10:30;MOSTLY CLOUDY;COMPACT;-5.0;-3.0;NOR;STEEN OLSEN Alexander;yes;07,01,2024Adelboden1NOR;56.79;1.02
2024-01-07;SL;Adelboden;R;17.0;10.62;44.95;3.87;-16.52;;;;;;M;1.0;Switzerland;Chuenisbaergli;FUESS Robert;69.0;67.0;1513.0;1302.0;211.0;10:30;MOSTLY CLOUDY;COMPACT;-5.0;-3.0;SUI;ZENHAEUSERN Ramon;no;07,01,2024Adelboden1SUI;57.44;1.06
2024-01-07;SL;Adelboden;R;18.0;10.53;47.47;3.88;-15.4;;;;;;M;1.0;Switzerland;Chuenisbaergli;FUESS Robert;69.0;67.0;1513.0;1302.0;211.0;10:30;MOSTLY CLOUDY;COMPACT;-5.0;-3.0;NOR;STEEN OLSEN Alexander;yes;07,01,2024Adelboden1NOR;56.79;1.0
2024-01-07;SL;Adelboden;R;18.0;10.53;47.47;3.88;-15.4;;;;;;M;1.0;Switzerland;Chuenisbaergli;FUESS Robert;69.0;67.0;1513.0;1302.0;211.0;10:30;MOSTLY CLOUDY;COMPACT;-5.0;-3.0;SUI;ZENHAEUSERN Ramon;no;07,01,2024Adelboden1SUI;57.44;0.98
2024-01-07;SL;Adelboden;R;19.0;9.84;56.49;4.24;-19.58;;;;;;M;1.0;Switzerland;Chuenisbaergli;FUESS Robert;69.0;67.0;1513.0;1302.0;211.0;10:30;MOSTLY CLOUDY;COMPACT;-5.0;-3.0;NOR;STEEN OLSEN Alexander;yes;07,01,2024Adelboden1NOR;56.79;1.0
2024-01-07;SL;Adelboden;R;19.0;9.84;56.49;4.24;-19.58;;;;;;M;1.0;Switzerland;Chuenisbaergli;FUESS Robert;69.0;67.0;1513.0;1302.0;211.0;10:30;MOSTLY CLOUDY;COMPACT;-5.0;-3.0;SUI;ZENHAEUSERN Ramon;no;07,01,2024Adelboden1SUI;57.44;0.98
2024-01-07;SL;Adelboden;R;20.0;9.88;51.83;3.83;-25.3;;;;;;M;1.0;Switzerland;Chuenisbaergli;FUESS Robert;69.0;67.0;1513.0;1302.0;211.0;10:30;MOSTLY CLOUDY;COMPACT;-5.0;-3.0;NOR;STEEN OLSEN Alexander;yes;07,01,2024Adelboden1NOR;56.79;0.96
2024-01-07;SL;Adelboden;R;20.0;9.88;51.83;3.83;-25.3;;;;;;M;1.0;Switzerland;Chuenisbaergli;FUESS Robert;69.0;67.0;1513.0;1302.0;211.0;10:30;MOSTLY CLOUDY;COMPACT;-5.0;-3.0;SUI;ZENHAEUSERN Ramon;no;07,01,2024Adelboden1SUI;57.44;0.92
2024-01-07;SL;Adelboden;R;21.0;9.62;28.03;1.74;-21.81;;;;;;M;1.0;Switzerland;Chuenisbaergli;FUESS Robert;69.0;67.0;1513.0;1302.0;211.0;10:30;MOSTLY CLOUDY;COMPACT;-5.0;-3.0;NOR;STEEN OLSEN Alexander;yes;07,01,2024Adelboden1NOR;56.79;0.54
2024-01-07;SL;Adelboden;R;21.0;9.62;28.03;1.74;-21.81;;;;;;M;1.0;Switzerland;Chuenisbaergli;FUESS Robert;69.0;67.0;1513.0;1302.0;211.0;10:30;MOSTLY CLOUDY;COMPACT;-5.0;-3.0;SUI;ZENHAEUSERN Ramon;no;07,01,2024Adelboden1SUI;57.44;0.52
2024-01-07;SL;Adelboden;R;22.0;6.51;36.74;2.37;-19.15;;;;;;M;1.0;Switzerland;Chuenisbaergli;FUESS Robert;69.0;67.0;1513.0;1302.0;211.0;10:30;MOSTLY CLOUDY;COMPACT;-5.0;-3.0;NOR;STEEN OLSEN Alexander;yes;07,01,2024Adelboden1NOR;56.79;1.02
2024-01-07;SL;Adelboden;R;22.0;6.51;36.74;2.37;-19.15;;;;;;M;1.0;Switzerland;Chuenisbaergli;FUESS Robert;69.0;67.0;1513.0;1302.0;211.0;10:30;MOSTLY CLOUDY;COMPACT;-5.0;-3.0;SUI;ZENHAEUSERN Ramon;no;07,01,2024Adelboden1SUI;57.44;1.0
2024-01-07;SL;Adelboden;R;23.0;10.38;28.97;2.36;-16.27;;;;;;M;1.0;Switzerland;Chuenisbaergli;FUESS Robert;69.0;67.0;1513.0;1302.0;211.0;10:30;MOSTLY CLOUDY;COMPACT;-5.0;-3.0;NOR;STEEN OLSEN Alexander;yes;07,01,2024Adelboden1NOR;56.79;0.76
2024-01-07;SL;Adelboden;R;23.0;10.38;28.97;2.36;-16.27;;;;;;M;1.0;Switzerland;Chuenisbaergli;FUESS Robert;69.0;67.0;1513.0;1302.0;211.0;10:30;MOSTLY CLOUDY;COMPACT;-5.0;-3.0;SUI;ZENHAEUSERN Ramon;no;07,01,2024Adelboden1SUI;57.44;0.8
2024-01-07;SL;Adelboden;R;24.0;9.53;44.56;2.2;-18.13;;;;;;M;1.0;Switzerland;Chuenisbaergli;FUESS Robert;69.0;67.0;1513.0;1302.0;211.0;10:30;MOSTLY CLOUDY;COMPACT;-5.0;-3.0;NOR;STEEN OLSEN Alexander;yes;07,01,2024Adelboden1NOR;56.79;0.86
2024-01-07;SL;Adelboden;R;24.0;9.53;44.56;2.2;-18.13;;;;;;M;1.0;Switzerland;Chuenisbaergli;FUESS Robert;69.0;67.0;1513.0;1302.0;211.0;10:30;MOSTLY CLOUDY;COMPACT;-5.0;-3.0;SUI;ZENHAEUSERN Ramon;no;07,01,2024Adelboden1SUI;57.44;0.8
2024-01-07;SL;Adelboden;R;25.0;4.57;4.24;0.22;-17.49;;;;;;M;1.0;Switzerland;Chuenisbaergli;FUESS Robert;69.0;67.0;1513.0;1302.0;211.0;10:30;MOSTLY CLOUDY;COMPACT;-5.0;-3.0;NOR;STEEN OLSEN Alexander;yes;07,01,2024Adelboden1NOR;56.79;1.08
2024-01-07;SL;Adelboden;R;25.0;4.57;4.24;0.22;-17.49;;;;;;M;1.0;Switzerland;Chuenisbaergli;FUESS Robert;69.0;67.0;1513.0;1302.0;211.0;10:30;MOSTLY CLOUDY;COMPACT;-5.0;-3.0;SUI;ZENHAEUSERN Ramon;no;07,01,2024Adelboden1SUI;57.44;1.02
2024-01-07;SL;Adelboden;R;26.0;9.43;29.39;2.36;-16.2;;;;;;M;1.0;Switzerland;Chuenisbaergli;FUESS Robert;69.0;67.0;1513.0;1302.0;211.0;10:30;MOSTLY CLOUDY;COMPACT;-5.0;-3.0;NOR;STEEN OLSEN Alexander;yes;07,01,2024Adelboden1NOR;56.79;0.76
2024-01-07;SL;Adelboden;R;26.0;9.43;29.39;2.36;-16.2;;;;;;M;1.0;Switzerland;Chuenisbaergli;FUESS Robert;69.0;67.0;1513.0;1302.0;211.0;10:30;MOSTLY CLOUDY;COMPACT;-5.0;-3.0;SUI;ZENHAEUSERN Ramon;no;07,01,2024Adelboden1SUI;57.44;0.72
2024-01-07;SL;Adelboden;R;27.0;9.95;24.31;2.06;-14.32;;;;;;M;1.0;Switzerland;Chuenisbaergli;FUESS Robert;69.0;67.0;1513.0;1302.0;211.0;10:30;MOSTLY CLOUDY;COMPACT;-5.0;-3.0;NOR;STEEN OLSEN Alexander;yes;07,01,2024Adelboden1NOR;56.79;0.7
2024-01-07;SL;Adelboden;R;27.0;9.95;24.31;2.06;-14.32;;;;;;M;1.0;Switzerland;Chuenisbaergli;FUESS Robert;69.0;67.0;1513.0;1302.0;211.0;10:30;MOSTLY CLOUDY;COMPACT;-5.0;-3.0;SUI;ZENHAEUSERN Ramon;no;07,01,2024Adelboden1SUI;57.44;0.72
2024-01-07;SL;Adelboden;R;28.0;10.13;28.47;2.46;-9.41;;;;;;M;1.0;Switzerland;Chuenisbaergli;FUESS Robert;69.0;67.0;1513.0;1302.0;211.0;10:30;MOSTLY CLOUDY;COMPACT;-5.0;-3.0;NOR;STEEN OLSEN Alexander;yes;07,01,2024Adelboden1NOR;56.79;0.4
2024-01-07;SL;Adelboden;R;28.0;10.13;28.47;2.46;-9.41;;;;;;M;1.0;Switzerland;Chuenisbaergli;FUESS Robert;69.0;67.0;1513.0;1302.0;211.0;10:30;MOSTLY CLOUDY;COMPACT;-5.0;-3.0;SUI;ZENHAEUSERN Ramon;no;07,01,2024Adelboden1SUI;57.44;0.42
2024-01-07;SL;Adelboden;R;29.0;10.13;15.5;1.03;-9.64;;;;;;M;1.0;Switzerland;Chuenisbaergli;FUESS Robert;69.0;67.0;1513.0;1302.0;211.0;10:30;MOSTLY CLOUDY;COMPACT;-5.0;-3.0;NOR;STEEN OLSEN Alexander;yes;07,01,2024Adelboden1NOR;56.79;0.44
2024-01-07;SL;Adelboden;R;29.0;10.13;15.5;1.03;-9.64;;;;;;M;1.0;Switzerland;Chuenisbaergli;FUESS Robert;69.0;67.0;1513.0;1302.0;211.0;10:30;MOSTLY CLOUDY;COMPACT;-5.0;-3.0;SUI;ZENHAEUSERN Ramon;no;07,01,2024Adelboden1SUI;57.44;0.46
2024-01-07;SL;Adelboden;R;30.0;6.18;0.44;0.02;-3.7;;;;;;M;1.0;Switzerland;Chuenisbaergli;FUESS Robert;69.0;67.0;1513.0;1302.0;211.0;10:30;MOSTLY CLOUDY;COMPACT;-5.0;-3.0;NOR;STEEN OLSEN Alexander;yes;07,01,2024Adelboden1NOR;56.79;0.76
2024-01-07;SL;Adelboden;R;30.0;6.18;0.44;0.02;-3.7;;;;;;M;1.0;Switzerland;Chuenisbaergli;FUESS Robert;69.0;67.0;1513.0;1302.0;211.0;10:30;MOSTLY CLOUDY;COMPACT;-5.0;-3.0;SUI;ZENHAEUSERN Ramon;no;07,01,2024Adelboden1SUI;57.44;0.72
2024-01-07;SL;Adelboden;R;31.0;6.24;10.86;0.69;-5.4;;;;;;M;1.0;Switzerland;Chuenisbaergli;FUESS Robert;69.0;67.0;1513.0;1302.0;211.0;10:30;MOSTLY CLOUDY;COMPACT;-5.0;-3.0;NOR;STEEN OLSEN Alexander;yes;07,01,2024Adelboden1NOR;56.79;0.72
2024-01-07;SL;Adelboden;R;31.0;6.24;10.86;0.69;-5.4;;;;;;M;1.0;Switzerland;Chuenisbaergli;FUESS Robert;69.0;67.0;1513.0;1302.0;211.0;10:30;MOSTLY CLOUDY;COMPACT;-5.0;-3.0;SUI;ZENHAEUSERN Ramon;no;07,01,2024Adelboden1SUI;57.44;0.78
2024-01-07;SL;Adelboden;R;32.0;8.85;14.38;1.15;-10.19;;;;;;M;1.0;Switzerland;Chuenisbaergli;FUESS Robert;69.0;67.0;1513.0;1302.0;211.0;10:30;MOSTLY CLOUDY;COMPACT;-5.0;-3.0;NOR;STEEN OLSEN Alexander;yes;07,01,2024Adelboden1NOR;56.79;0.72
2024-01-07;SL;Adelboden;R;32.0;8.85;14.38;1.15;-10.19;;;;;;M;1.0;Switzerland;Chuenisbaergli;FUESS Robert;69.0;67.0;1513.0;1302.0;211.0;10:30;MOSTLY CLOUDY;COMPACT;-5.0;-3.0;SUI;ZENHAEUSERN Ramon;no;07,01,2024Adelboden1SUI;57.44;0.7
2024-01-07;SL;Adelboden;R;33.0;10.0;27.56;2.37;-14.68;;;;;;M;1.0;Switzerland;Chuenisbaergli;FUESS Robert;69.0;67.0;1513.0;1302.0;211.0;10:30;MOSTLY CLOUDY;COMPACT;-5.0;-3.0;NOR;STEEN OLSEN Alexander;yes;07,01,2024Adelboden1NOR;56.79;0.74
2024-01-07;SL;Adelboden;R;33.0;10.0;27.56;2.37;-14.68;;;;;;M;1.0;Switzerland;Chuenisbaergli;FUESS Robert;69.0;67.0;1513.0;1302.0;211.0;10:30;MOSTLY CLOUDY;COMPACT;-5.0;-3.0;SUI;ZENHAEUSERN Ramon;no;07,01,2024Adelboden1SUI;57.44;0.74
2024-01-07;SL;Adelboden;R;34.0;10.39;14.47;1.28;-7.4;;;;;;M;1.0;Switzerland;Chuenisbaergli;FUESS Robert;69.0;67.0;1513.0;1302.0;211.0;10:30;MOSTLY CLOUDY;COMPACT;-5.0;-3.0;NOR;STEEN OLSEN Alexander;yes;07,01,2024Adelboden1NOR;56.79;0.82
2024-01-07;SL;Adelboden;R;34.0;10.39;14.47;1.28;-7.4;;;;;;M;1.0;Switzerland;Chuenisbaergli;FUESS Robert;69.0;67.0;1513.0;1302.0;211.0;10:30;MOSTLY CLOUDY;COMPACT;-5.0;-3.0;SUI;ZENHAEUSERN Ramon;no;07,01,2024Adelboden1SUI;57.44;0.8
2024-01-07;SL;Adelboden;R;35.0;10.07;28.63;2.46;-7.13;;;;;;M;1.0;Switzerland;Chuenisbaergli;FUESS Robert;69.0;67.0;1513.0;1302.0;211.0;10:30;MOSTLY CLOUDY;COMPACT;-5.0;-3.0;NOR;STEEN OLSEN Alexander;yes;07,01,2024Adelboden1NOR;56.79;0.92
2024-01-07;SL;Adelboden;R;35.0;10.07;28.63;2.46;-7.13;;;;;;M;1.0;Switzerland;Chuenisbaergli;FUESS Robert;69.0;67.0;1513.0;1302.0;211.0;10:30;MOSTLY CLOUDY;COMPACT;-5.0;-3.0;SUI;ZENHAEUSERN Ramon;no;07,01,2024Adelboden1SUI;57.44;0.86
2024-01-07;SL;Adelboden;R;36.0;10.08;37.11;3.17;-9.74;;;;;;M;1.0;Switzerland;Chuenisbaergli;FUESS Robert;69.0;67.0;1513.0;1302.0;211.0;10:30;MOSTLY CLOUDY;COMPACT;-5.0;-3.0;NOR;STEEN OLSEN Alexander;yes;07,01,2024Adelboden1NOR;56.79;0.8
2024-01-07;SL;Adelboden;R;36.0;10.08;37.11;3.17;-9.74;;;;;;M;1.0;Switzerland;Chuenisbaergli;FUESS Robert;69.0;67.0;1513.0;1302.0;211.0;10:30;MOSTLY CLOUDY;COMPACT;-5.0;-3.0;SUI;ZENHAEUSERN Ramon;no;07,01,2024Adelboden1SUI;57.44;0.84
2024-01-07;SL;Adelboden;R;37.0;10.21;30.97;2.6;-12.11;;;;;;M;1.0;Switzerland;Chuenisbaergli;FUESS Robert;69.0;67.0;1513.0;1302.0;211.0;10:30;MOSTLY CLOUDY;COMPACT;-5.0;-3.0;NOR;STEEN OLSEN Alexander;yes;07,01,2024Adelboden1NOR;56.79;0.42
2024-01-07;SL;Adelboden;R;37.0;10.21;30.97;2.6;-12.11;;;;;;M;1.0;Switzerland;Chuenisbaergli;FUESS Robert;69.0;67.0;1513.0;1302.0;211.0;10:30;MOSTLY CLOUDY;COMPACT;-5.0;-3.0;SUI;ZENHAEUSERN Ramon;no;07,01,2024Adelboden1SUI;57.44;0.44
2024-01-07;SL;Adelboden;R;38.0;9.96;20.14;1.27;-17.02;;;;;;M;1.0;Switzerland;Chuenisbaergli;FUESS Robert;69.0;67.0;1513.0;1302.0;211.0;10:30;MOSTLY CLOUDY;COMPACT;-5.0;-3.0;NOR;STEEN OLSEN Alexander;yes;07,01,2024Adelboden1NOR;56.79;0.94
2024-01-07;SL;Adelboden;R;38.0;9.96;20.14;1.27;-17.02;;;;;;M;1.0;Switzerland;Chuenisbaergli;FUESS Robert;69.0;67.0;1513.0;1302.0;211.0;10:30;MOSTLY CLOUDY;COMPACT;-5.0;-3.0;SUI;ZENHAEUSERN Ramon;no;07,01,2024Adelboden1SUI;57.44;0.96
2024-01-07;SL;Adelboden;R;39.0;6.23;15.83;1.01;-17.3;;;;;;M;1.0;Switzerland;Chuenisbaergli;FUESS Robert;69.0;67.0;1513.0;1302.0;211.0;10:30;MOSTLY CLOUDY;COMPACT;-5.0;-3.0;NOR;STEEN OLSEN Alexander;yes;07,01,2024Adelboden1NOR;56.79;0.94
2024-01-07;SL;Adelboden;R;39.0;6.23;15.83;1.01;-17.3;;;;;;M;1.0;Switzerland;Chuenisbaergli;FUESS Robert;69.0;67.0;1513.0;1302.0;211.0;10:30;MOSTLY CLOUDY;COMPACT;-5.0;-3.0;SUI;ZENHAEUSERN Ramon;no;07,01,2024Adelboden1SUI;57.44;0.94
2024-01-07;SL;Adelboden;R;40.0;10.17;52.71;4.45;-15.65;;;;;;M;1.0;Switzerland;Chuenisbaergli;FUESS Robert;69.0;67.0;1513.0;1302.0;211.0;10:30;MOSTLY CLOUDY;COMPACT;-5.0;-3.0;NOR;STEEN OLSEN Alexander;yes;07,01,2024Adelboden1NOR;56.79;0.88
2024-01-07;SL;Adelboden;R;40.0;10.17;52.71;4.45;-15.65;;;;;;M;1.0;Switzerland;Chuenisbaergli;FUESS Robert;69.0;67.0;1513.0;1302.0;211.0;10:30;MOSTLY CLOUDY;COMPACT;-5.0;-3.0;SUI;ZENHAEUSERN Ramon;no;07,01,2024Adelboden1SUI;57.44;0.86
2024-01-07;SL;Adelboden;R;41.0;10.52;23.85;1.92;-11.91;;;;;;M;1.0;Switzerland;Chuenisbaergli;FUESS Robert;69.0;67.0;1513.0;1302.0;211.0;10:30;MOSTLY CLOUDY;COMPACT;-5.0;-3.0;NOR;STEEN OLSEN Alexander;yes;07,01,2024Adelboden1NOR;56.79;1.54
2024-01-07;SL;Adelboden;R;41.0;10.52;23.85;1.92;-11.91;;;;;;M;1.0;Switzerland;Chuenisbaergli;FUESS Robert;69.0;67.0;1513.0;1302.0;211.0;10:30;MOSTLY CLOUDY;COMPACT;-5.0;-3.0;SUI;ZENHAEUSERN Ramon;no;07,01,2024Adelboden1SUI;57.44;1.48
2024-01-07;SL;Adelboden;R;42.0;8.84;50.0;2.62;-16.33;;;;;;M;1.0;Switzerland;Chuenisbaergli;FUESS Robert;69.0;67.0;1513.0;1302.0;211.0;10:30;MOSTLY CLOUDY;COMPACT;-5.0;-3.0;NOR;STEEN OLSEN Alexander;yes;07,01,2024Adelboden1NOR;56.79;0.98
2024-01-07;SL;Adelboden;R;42.0;8.84;50.0;2.62;-16.33;;;;;;M;1.0;Switzerland;Chuenisbaergli;FUESS Robert;69.0;67.0;1513.0;1302.0;211.0;10:30;MOSTLY CLOUDY;COMPACT;-5.0;-3.0;SUI;ZENHAEUSERN Ramon;no;07,01,2024Adelboden1SUI;57.44;0.92
2024-01-07;SL;Adelboden;R;43.0;5.14;18.68;1.04;-15.55;;;;;;M;1.0;Switzerland;Chuenisbaergli;FUESS Robert;69.0;67.0;1513.0;1302.0;211.0;10:30;MOSTLY CLOUDY;COMPACT;-5.0;-3.0;NOR;STEEN OLSEN Alexander;yes;07,01,2024Adelboden1NOR;56.79;1.0
2024-01-07;SL;Adelboden;R;43.0;5.14;18.68;1.04;-15.55;;;;;;M;1.0;Switzerland;Chuenisbaergli;FUESS Robert;69.0;67.0;1513.0;1302.0;211.0;10:30;MOSTLY CLOUDY;COMPACT;-5.0;-3.0;SUI;ZENHAEUSERN Ramon;no;07,01,2024Adelboden1SUI;57.44;1.02
2024-01-07;SL;Adelboden;R;44.0;9.47;36.05;2.73;-14.9;;;;;;M;1.0;Switzerland;Chuenisbaergli;FUESS Robert;69.0;67.0;1513.0;1302.0;211.0;10:30;MOSTLY CLOUDY;COMPACT;-5.0;-3.0;NOR;STEEN OLSEN Alexander;yes;07,01,2024Adelboden1NOR;56.79;0.52
2024-01-07;SL;Adelboden;R;44.0;9.47;36.05;2.73;-14.9;;;;;;M;1.0;Switzerland;Chuenisbaergli;FUESS Robert;69.0;67.0;1513.0;1302.0;211.0;10:30;MOSTLY CLOUDY;COMPACT;-5.0;-3.0;SUI;ZENHAEUSERN Ramon;no;07,01,2024Adelboden1SUI;57.44;0.58
2024-01-07;SL;Adelboden;R;45.0;9.37;47.28;3.67;-22.49;;;;;;M;1.0;Switzerland;Chuenisbaergli;FUESS Robert;69.0;67.0;1513.0;1302.0;211.0;10:30;MOSTLY CLOUDY;COMPACT;-5.0;-3.0;NOR;STEEN OLSEN Alexander;yes;07,01,2024Adelboden1NOR;56.79;1.16
2024-01-07;SL;Adelboden;R;45.0;9.37;47.28;3.67;-22.49;;;;;;M;1.0;Switzerland;Chuenisbaergli;FUESS Robert;69.0;67.0;1513.0;1302.0;211.0;10:30;MOSTLY CLOUDY;COMPACT;-5.0;-3.0;SUI;ZENHAEUSERN Ramon;no;07,01,2024Adelboden1SUI;57.44;1.24
2024-01-07;SL;Adelboden;R;46.0;10.33;29.72;1.89;-16.14;;;;;;M;1.0;Switzerland;Chuenisbaergli;FUESS Robert;69.0;67.0;1513.0;1302.0;211.0;10:30;MOSTLY CLOUDY;COMPACT;-5.0;-3.0;NOR;STEEN OLSEN Alexander;yes;07,01,2024Adelboden1NOR;56.79;1.14
2024-01-07;SL;Adelboden;R;46.0;10.33;29.72;1.89;-16.14;;;;;;M;1.0;Switzerland;Chuenisbaergli;FUESS Robert;69.0;67.0;1513.0;1302.0;211.0;10:30;MOSTLY CLOUDY;COMPACT;-5.0;-3.0;SUI;ZENHAEUSERN Ramon;no;07,01,2024Adelboden1SUI;57.44;1.14
2024-01-07;SL;Adelboden;R;47.0;6.48;32.04;2.04;-22.85;;;;;;M;1.0;Switzerland;Chuenisbaergli;FUESS Robert;69.0;67.0;1513.0;1302.0;211.0;10:30;MOSTLY CLOUDY;COMPACT;-5.0;-3.0;NOR;STEEN OLSEN Alexander;yes;07,01,2024Adelboden1NOR;56.79;1.16
2024-01-07;SL;Adelboden;R;47.0;6.48;32.04;2.04;-22.85;;;;;;M;1.0;Switzerland;Chuenisbaergli;FUESS Robert;69.0;67.0;1513.0;1302.0;211.0;10:30;MOSTLY CLOUDY;COMPACT;-5.0;-3.0;SUI;ZENHAEUSERN Ramon;no;07,01,2024Adelboden1SUI;57.44;1.26
2024-01-07;SL;Adelboden;R;48.0;10.64;30.76;2.47;-17.92;;;;;;M;1.0;Switzerland;Chuenisbaergli;FUESS Robert;69.0;67.0;1513.0;1302.0;211.0;10:30;MOSTLY CLOUDY;COMPACT;-5.0;-3.0;NOR;STEEN OLSEN Alexander;yes;07,01,2024Adelboden1NOR;56.79;1.02
2024-01-07;SL;Adelboden;R;48.0;10.64;30.76;2.47;-17.92;;;;;;M;1.0;Switzerland;Chuenisbaergli;FUESS Robert;69.0;67.0;1513.0;1302.0;211.0;10:30;MOSTLY CLOUDY;COMPACT;-5.0;-3.0;SUI;ZENHAEUSERN Ramon;no;07,01,2024Adelboden1SUI;57.44;0.88
2024-01-07;SL;Adelboden;R;49.0;9.94;44.18;3.34;-25.96;;;;;;M;1.0;Switzerland;Chuenisbaergli;FUESS Robert;69.0;67.0;1513.0;1302.0;211.0;10:30;MOSTLY CLOUDY;COMPACT;-5.0;-3.0;NOR;STEEN OLSEN Alexander;yes;07,01,2024Adelboden1NOR;56.79;0.9
2024-01-07;SL;Adelboden;R;49.0;9.94;44.18;3.34;-25.96;;;;;;M;1.0;Switzerland;Chuenisbaergli;FUESS Robert;69.0;67.0;1513.0;1302.0;211.0;10:30;MOSTLY CLOUDY;COMPACT;-5.0;-3.0;SUI;ZENHAEUSERN Ramon;no;07,01,2024Adelboden1SUI;57.44;1.08
2024-01-07;SL;Adelboden;R;50.0;10.16;49.72;3.42;-24.03;;;;;;M;1.0;Switzerland;Chuenisbaergli;FUESS Robert;69.0;67.0;1513.0;1302.0;211.0;10:30;MOSTLY CLOUDY;COMPACT;-5.0;-3.0;NOR;STEEN OLSEN Alexander;yes;07,01,2024Adelboden1NOR;56.79;0.92
2024-01-07;SL;Adelboden;R;50.0;10.16;49.72;3.42;-24.03;;;;;;M;1.0;Switzerland;Chuenisbaergli;FUESS Robert;69.0;67.0;1513.0;1302.0;211.0;10:30;MOSTLY CLOUDY;COMPACT;-5.0;-3.0;SUI;ZENHAEUSERN Ramon;no;07,01,2024Adelboden1SUI;57.44;1.04
2024-01-07;SL;Adelboden;R;51.0;9.37;39.56;2.72;-31.76;;;;;;M;1.0;Switzerland;Chuenisbaergli;FUESS Robert;69.0;67.0;1513.0;1302.0;211.0;10:30;MOSTLY CLOUDY;COMPACT;-5.0;-3.0;NOR;STEEN OLSEN Alexander;yes;07,01,2024Adelboden1NOR;56.79;0.86
2024-01-07;SL;Adelboden;R;51.0;9.37;39.56;2.72;-31.76;;;;;;M;1.0;Switzerland;Chuenisbaergli;FUESS Robert;69.0;67.0;1513.0;1302.0;211.0;10:30;MOSTLY CLOUDY;COMPACT;-5.0;-3.0;SUI;ZENHAEUSERN Ramon;no;07,01,2024Adelboden1SUI;57.44;0.98
2024-01-07;SL;Adelboden;R;52.0;10.02;47.34;3.54;-25.23;;;;;;M;1.0;Switzerland;Chuenisbaergli;FUESS Robert;69.0;67.0;1513.0;1302.0;211.0;10:30;MOSTLY CLOUDY;COMPACT;-5.0;-3.0;NOR;STEEN OLSEN Alexander;yes;07,01,2024Adelboden1NOR;56.79;0.48
2024-01-07;SL;Adelboden;R;52.0;10.02;47.34;3.54;-25.23;;;;;;M;1.0;Switzerland;Chuenisbaergli;FUESS Robert;69.0;67.0;1513.0;1302.0;211.0;10:30;MOSTLY CLOUDY;COMPACT;-5.0;-3.0;SUI;ZENHAEUSERN Ramon;no;07,01,2024Adelboden1SUI;57.44;0.54
2024-01-07;SL;Adelboden;R;53.0;10.12;38.62;2.98;-26.29;;;;;;M;1.0;Switzerland;Chuenisbaergli;FUESS Robert;69.0;67.0;1513.0;1302.0;211.0;10:30;MOSTLY CLOUDY;COMPACT;-5.0;-3.0;NOR;STEEN OLSEN Alexander;yes;07,01,2024Adelboden1NOR;56.79;0.88
2024-01-07;SL;Adelboden;R;53.0;10.12;38.62;2.98;-26.29;;;;;;M;1.0;Switzerland;Chuenisbaergli;FUESS Robert;69.0;67.0;1513.0;1302.0;211.0;10:30;MOSTLY CLOUDY;COMPACT;-5.0;-3.0;SUI;ZENHAEUSERN Ramon;no;07,01,2024Adelboden1SUI;57.44;1.04
2024-01-07;SL;Adelboden;R;54.0;10.15;30.65;1.93;-22.67;;;;;;M;1.0;Switzerland;Chuenisbaergli;FUESS Robert;69.0;67.0;1513.0;1302.0;211.0;10:30;MOSTLY CLOUDY;COMPACT;-5.0;-3.0;NOR;STEEN OLSEN Alexander;yes;07,01,2024Adelboden1NOR;56.79;0.86
2024-01-07;SL;Adelboden;R;54.0;10.15;30.65;1.93;-22.67;;;;;;M;1.0;Switzerland;Chuenisbaergli;FUESS Robert;69.0;67.0;1513.0;1302.0;211.0;10:30;MOSTLY CLOUDY;COMPACT;-5.0;-3.0;SUI;ZENHAEUSERN Ramon;no;07,01,2024Adelboden1SUI;57.44;0.9
2024-01-07;SL;Adelboden;R;55.0;6.7;25.19;1.58;-23.04;;;;;;M;1.0;Switzerland;Chuenisbaergli;FUESS Robert;69.0;67.0;1513.0;1302.0;211.0;10:30;MOSTLY CLOUDY;COMPACT;-5.0;-3.0;NOR;STEEN OLSEN Alexander;yes;07,01,2024Adelboden1NOR;56.79;0.9
2024-01-07;SL;Adelboden;R;55.0;6.7;25.19;1.58;-23.04;;;;;;M;1.0;Switzerland;Chuenisbaergli;FUESS Robert;69.0;67.0;1513.0;1302.0;211.0;10:30;MOSTLY CLOUDY;COMPACT;-5.0;-3.0;SUI;ZENHAEUSERN Ramon;no;07,01,2024Adelboden1SUI;57.44;0.92
2024-01-07;SL;Adelboden;R;56.0;9.85;32.84;2.55;-22.45;;;;;;M;1.0;Switzerland;Chuenisbaergli;FUESS Robert;69.0;67.0;1513.0;1302.0;211.0;10:30;MOSTLY CLOUDY;COMPACT;-5.0;-3.0;NOR;STEEN OLSEN Alexander;yes;07,01,2024Adelboden1NOR;56.79;0.64
2024-01-07;SL;Adelboden;R;56.0;9.85;32.84;2.55;-22.45;;;;;;M;1.0;Switzerland;Chuenisbaergli;FUESS Robert;69.0;67.0;1513.0;1302.0;211.0;10:30;MOSTLY CLOUDY;COMPACT;-5.0;-3.0;SUI;ZENHAEUSERN Ramon;no;07,01,2024Adelboden1SUI;57.44;0.64
2024-01-07;SL;Adelboden;R;57.0;10.11;42.3;3.44;-24.09;;;;;;M;1.0;Switzerland;Chuenisbaergli;FUESS Robert;69.0;67.0;1513.0;1302.0;211.0;10:30;MOSTLY CLOUDY;COMPACT;-5.0;-3.0;NOR;STEEN OLSEN Alexander;yes;07,01,2024Adelboden1NOR;56.79;0.8
2024-01-07;SL;Adelboden;R;57.0;10.11;42.3;3.44;-24.09;;;;;;M;1.0;Switzerland;Chuenisbaergli;FUESS Robert;69.0;67.0;1513.0;1302.0;211.0;10:30;MOSTLY CLOUDY;COMPACT;-5.0;-3.0;SUI;ZENHAEUSERN Ramon;no;07,01,2024Adelboden1SUI;57.44;0.86
2024-01-07;SL;Adelboden;R;58.0;10.64;20.25;1.5;-17.67;;;;;;M;1.0;Switzerland;Chuenisbaergli;FUESS Robert;69.0;67.0;1513.0;1302.0;211.0;10:30;MOSTLY CLOUDY;COMPACT;-5.0;-3.0;NOR;STEEN OLSEN Alexander;yes;07,01,2024Adelboden1NOR;56.79;1.02
2024-01-07;SL;Adelboden;R;58.0;10.64;20.25;1.5;-17.67;;;;;;M;1.0;Switzerland;Chuenisbaergli;FUESS Robert;69.0;67.0;1513.0;1302.0;211.0;10:30;MOSTLY CLOUDY;COMPACT;-5.0;-3.0;SUI;ZENHAEUSERN Ramon;no;07,01,2024Adelboden1SUI;57.44;1.04
2024-01-07;SL;Adelboden;R;59.0;8.03;22.48;1.67;-20.61;;;;;;M;1.0;Switzerland;Chuenisbaergli;FUESS Robert;69.0;67.0;1513.0;1302.0;211.0;10:30;MOSTLY CLOUDY;COMPACT;-5.0;-3.0;NOR;STEEN OLSEN Alexander;yes;07,01,2024Adelboden1NOR;56.79;0.9
2024-01-07;SL;Adelboden;R;59.0;8.03;22.48;1.67;-20.61;;;;;;M;1.0;Switzerland;Chuenisbaergli;FUESS Robert;69.0;67.0;1513.0;1302.0;211.0;10:30;MOSTLY CLOUDY;COMPACT;-5.0;-3.0;SUI;ZENHAEUSERN Ramon;no;07,01,2024Adelboden1SUI;57.44;0.94
2024-01-07;SL;Adelboden;R;60.0;10.52;41.03;3.57;-15.11;;;;;;M;1.0;Switzerland;Chuenisbaergli;FUESS Robert;69.0;67.0;1513.0;1302.0;211.0;10:30;MOSTLY CLOUDY;COMPACT;-5.0;-3.0;NOR;STEEN OLSEN Alexander;yes;07,01,2024Adelboden1NOR;56.79;0.46
2024-01-07;SL;Adelboden;R;60.0;10.52;41.03;3.57;-15.11;;;;;;M;1.0;Switzerland;Chuenisbaergli;FUESS Robert;69.0;67.0;1513.0;1302.0;211.0;10:30;MOSTLY CLOUDY;COMPACT;-5.0;-3.0;SUI;ZENHAEUSERN Ramon;no;07,01,2024Adelboden1SUI;57.44;0.44
2024-01-07;SL;Adelboden;R;61.0;10.82;45.67;3.98;-18.12;;;;;;M;1.0;Switzerland;Chuenisbaergli;FUESS Robert;69.0;67.0;1513.0;1302.0;211.0;10:30;MOSTLY CLOUDY;COMPACT;-5.0;-3.0;NOR;STEEN OLSEN Alexander;yes;07,01,2024Adelboden1NOR;56.79;0.8
2024-01-07;SL;Adelboden;R;61.0;10.82;45.67;3.98;-18.12;;;;;;M;1.0;Switzerland;Chuenisbaergli;FUESS Robert;69.0;67.0;1513.0;1302.0;211.0;10:30;MOSTLY CLOUDY;COMPACT;-5.0;-3.0;SUI;ZENHAEUSERN Ramon;no;07,01,2024Adelboden1SUI;57.44;0.82
2024-01-07;SL;Adelboden;R;62.0;10.85;27.48;1.79;-17.78;;;;;;M;1.0;Switzerland;Chuenisbaergli;FUESS Robert;69.0;67.0;1513.0;1302.0;211.0;10:30;MOSTLY CLOUDY;COMPACT;-5.0;-3.0;NOR;STEEN OLSEN Alexander;yes;07,01,2024Adelboden1NOR;56.79;0.76
2024-01-07;SL;Adelboden;R;62.0;10.85;27.48;1.79;-17.78;;;;;;M;1.0;Switzerland;Chuenisbaergli;FUESS Robert;69.0;67.0;1513.0;1302.0;211.0;10:30;MOSTLY CLOUDY;COMPACT;-5.0;-3.0;SUI;ZENHAEUSERN Ramon;no;07,01,2024Adelboden1SUI;57.44;0.78
2024-01-07;SL;Adelboden;R;63.0;6.53;15.55;0.96;-21.79;;;;;;M;1.0;Switzerland;Chuenisbaergli;FUESS Robert;69.0;67.0;1513.0;1302.0;211.0;10:30;MOSTLY CLOUDY;COMPACT;-5.0;-3.0;NOR;STEEN OLSEN Alexander;yes;07,01,2024Adelboden1NOR;56.79;0.72
2024-01-07;SL;Adelboden;R;63.0;6.53;15.55;0.96;-21.79;;;;;;M;1.0;Switzerland;Chuenisbaergli;FUESS Robert;69.0;67.0;1513.0;1302.0;211.0;10:30;MOSTLY CLOUDY;COMPACT;-5.0;-3.0;SUI;ZENHAEUSERN Ramon;no;07,01,2024Adelboden1SUI;57.44;0.74
2024-01-07;SL;Adelboden;R;64.0;9.35;34.05;2.69;-19.71;;;;;;M;1.0;Switzerland;Chuenisbaergli;FUESS Robert;69.0;67.0;1513.0;1302.0;211.0;10:30;MOSTLY CLOUDY;COMPACT;-5.0;-3.0;NOR;STEEN OLSEN Alexander;yes;07,01,2024Adelboden1NOR;56.79;0.78
2024-01-07;SL;Adelboden;R;64.0;9.35;34.05;2.69;-19.71;;;;;;M;1.0;Switzerland;Chuenisbaergli;FUESS Robert;69.0;67.0;1513.0;1302.0;211.0;10:30;MOSTLY CLOUDY;COMPACT;-5.0;-3.0;SUI;ZENHAEUSERN Ramon;no;07,01,2024Adelboden1SUI;57.44;0.74
2024-01-07;SL;Adelboden;R;65.0;10.42;34.52;2.95;-20.18;;;;;;M;1.0;Switzerland;Chuenisbaergli;FUESS Robert;69.0;67.0;1513.0;1302.0;211.0;10:30;MOSTLY CLOUDY;COMPACT;-5.0;-3.0;NOR;STEEN OLSEN Alexander;yes;07,01,2024Adelboden1NOR;56.79;0.7
2024-01-07;SL;Adelboden;R;65.0;10.42;34.52;2.95;-20.18;;;;;;M;1.0;Switzerland;Chuenisbaergli;FUESS Robert;69.0;67.0;1513.0;1302.0;211.0;10:30;MOSTLY CLOUDY;COMPACT;-5.0;-3.0;SUI;ZENHAEUSERN Ramon;no;07,01,2024Adelboden1SUI;57.44;0.74
2024-01-07;SL;Adelboden;R;66.0;10.36;26.03;2.25;-10.66;;;;;;M;1.0;Switzerland;Chuenisbaergli;FUESS Robert;69.0;67.0;1513.0;1302.0;211.0;10:30;MOSTLY CLOUDY;COMPACT;-5.0;-3.0;NOR;STEEN OLSEN Alexander;yes;07,01,2024Adelboden1NOR;56.79;0.66
2024-01-07;SL;Adelboden;R;66.0;10.36;26.03;2.25;-10.66;;;;;;M;1.0;Switzerland;Chuenisbaergli;FUESS Robert;69.0;67.0;1513.0;1302.0;211.0;10:30;MOSTLY CLOUDY;COMPACT;-5.0;-3.0;SUI;ZENHAEUSERN Ramon;no;07,01,2024Adelboden1SUI;57.44;0.68
2024-01-07;SL;Adelboden;R;67.0;10.14;25.66;2.25;-13.58;;;;;;M;1.0;Switzerland;Chuenisbaergli;FUESS Robert;69.0;67.0;1513.0;1302.0;211.0;10:30;MOSTLY CLOUDY;COMPACT;-5.0;-3.0;NOR;STEEN OLSEN Alexander;yes;07,01,2024Adelboden1NOR;56.79;
2024-01-07;SL;Adelboden;R;67.0;10.14;25.66;2.25;-13.58;;;;;;M;1.0;Switzerland;Chuenisbaergli;FUESS Robert;69.0;67.0;1513.0;1302.0;211.0;10:30;MOSTLY CLOUDY;COMPACT;-5.0;-3.0;SUI;ZENHAEUSERN Ramon;no;07,01,2024Adelboden1SUI;57.44;
2024-01-07;SL;Adelboden;R;68.0;10.68;16.9;1.47;-10.92;;;;;;M;1.0;Switzerland;Chuenisbaergli;FUESS Robert;69.0;67.0;1513.0;1302.0;211.0;10:30;MOSTLY CLOUDY;COMPACT;-5.0;-3.0;NOR;STEEN OLSEN Alexander;yes;07,01,2024Adelboden1NOR;56.79;
2024-01-07;SL;Adelboden;R;68.0;10.68;16.9;1.47;-10.92;;;;;;M;1.0;Switzerland;Chuenisbaergli;FUESS Robert;69.0;67.0;1513.0;1302.0;211.0;10:30;MOSTLY CLOUDY;COMPACT;-5.0;-3.0;SUI;ZENHAEUSERN Ramon;no;07,01,2024Adelboden1SUI;57.44;
2024-01-07;SL;Adelboden;R;69.0;9.88;1.26;0.09;-13.71;;;;;;M;1.0;;;;;;;;;;;;;;;;;;;
2024-01-07;SL;Adelboden;R;70.0;7.38;;;-12.6;;;;;;M;1.0;;;;;;;;;;;;;;;;;;;
2024-01-07;SL;Adelboden;R;1.0;9.2;;;-18.1;;;1514.084;46.4786925;7.551727;M;2.0;Switzerland;Chuenisbaergli;BRUNNER Bernd;63.0;62.0;1513.0;1302.0;211.0;13:30;MOSTLY CLOUDY;COMPACT;-4.0;-2.0;SUI;MEILLARD Loic;no;07,01,2024Adelboden2SUI;55.06;0.96
2024-01-07;SL;Adelboden;R;1.0;9.2;;;-18.1;;;1514.084;46.4786925;7.551727;M;2.0;Switzerland;Chuenisbaergli;BRUNNER Bernd;63.0;62.0;1513.0;1302.0;211.0;13:30;MOSTLY CLOUDY;COMPACT;-4.0;-2.0;AUT;RASCHNER Dominik;yes;07,01,2024Adelboden2AUT;54.88;0.96
2024-01-07;SL;Adelboden;R;2.0;10.1;44.6;3.6;-24.8;-6.7;9.4;1511.195;46.4787249;7.5518319;M;2.0;Switzerland;Chuenisbaergli;BRUNNER Bernd;63.0;62.0;1513.0;1302.0;211.0;13:30;MOSTLY CLOUDY;COMPACT;-4.0;-2.0;SUI;MEILLARD Loic;no;07,01,2024Adelboden2SUI;55.06;1.06
2024-01-07;SL;Adelboden;R;2.0;10.1;44.6;3.6;-24.8;-6.7;9.4;1511.195;46.4787249;7.5518319;M;2.0;Switzerland;Chuenisbaergli;BRUNNER Bernd;63.0;62.0;1513.0;1302.0;211.0;13:30;MOSTLY CLOUDY;COMPACT;-4.0;-2.0;AUT;RASCHNER Dominik;yes;07,01,2024Adelboden2AUT;54.88;1.08
2024-01-07;SL;Adelboden;R;3.0;12.3;45.1;4.2;-25.7;-0.8;11.6;1506.928;46.4788037;7.5518694;M;2.0;Switzerland;Chuenisbaergli;BRUNNER Bernd;63.0;62.0;1513.0;1302.0;211.0;13:30;MOSTLY CLOUDY;COMPACT;-4.0;-2.0;SUI;MEILLARD Loic;no;07,01,2024Adelboden2SUI;55.06;0.94
2024-01-07;SL;Adelboden;R;3.0;12.3;45.1;4.2;-25.7;-0.8;11.6;1506.928;46.4788037;7.5518694;M;2.0;Switzerland;Chuenisbaergli;BRUNNER Bernd;63.0;62.0;1513.0;1302.0;211.0;13:30;MOSTLY CLOUDY;COMPACT;-4.0;-2.0;AUT;RASCHNER Dominik;yes;07,01,2024Adelboden2AUT;54.88;0.96
2024-01-07;SL;Adelboden;R;4.0;11.3;47.1;4.7;-18.0;7.6;10.3;1501.557;46.4788405;7.5520045;M;2.0;Switzerland;Chuenisbaergli;BRUNNER Bernd;63.0;62.0;1513.0;1302.0;211.0;13:30;MOSTLY CLOUDY;COMPACT;-4.0;-2.0;SUI;MEILLARD Loic;no;07,01,2024Adelboden2SUI;55.06;0.96
2024-01-07;SL;Adelboden;R;4.0;11.3;47.1;4.7;-18.0;7.6;10.3;1501.557;46.4788405;7.5520045;M;2.0;Switzerland;Chuenisbaergli;BRUNNER Bernd;63.0;62.0;1513.0;1302.0;211.0;13:30;MOSTLY CLOUDY;COMPACT;-4.0;-2.0;AUT;RASCHNER Dominik;yes;07,01,2024Adelboden2AUT;54.88;0.98
2024-01-07;SL;Adelboden;R;5.0;11.2;38.1;3.6;-23.8;-5.7;10.6;1498.038;46.4789327;7.552048;M;2.0;Switzerland;Chuenisbaergli;BRUNNER Bernd;63.0;62.0;1513.0;1302.0;211.0;13:30;MOSTLY CLOUDY;COMPACT;-4.0;-2.0;SUI;MEILLARD Loic;no;07,01,2024Adelboden2SUI;55.06;1.0
2024-01-07;SL;Adelboden;R;5.0;11.2;38.1;3.6;-23.8;-5.7;10.6;1498.038;46.4789327;7.552048;M;2.0;Switzerland;Chuenisbaergli;BRUNNER Bernd;63.0;62.0;1513.0;1302.0;211.0;13:30;MOSTLY CLOUDY;COMPACT;-4.0;-2.0;AUT;RASCHNER Dominik;yes;07,01,2024Adelboden2AUT;54.88;0.86
2024-01-07;SL;Adelboden;R;6.0;10.4;42.8;3.9;-16.4;7.3;9.6;1493.484;46.4789812;7.5521627;M;2.0;Switzerland;Chuenisbaergli;BRUNNER Bernd;63.0;62.0;1513.0;1302.0;211.0;13:30;MOSTLY CLOUDY;COMPACT;-4.0;-2.0;SUI;MEILLARD Loic;no;07,01,2024Adelboden2SUI;55.06;0.52
2024-01-07;SL;Adelboden;R;6.0;10.4;42.8;3.9;-16.4;7.3;9.6;1493.484;46.4789812;7.5521627;M;2.0;Switzerland;Chuenisbaergli;BRUNNER Bernd;63.0;62.0;1513.0;1302.0;211.0;13:30;MOSTLY CLOUDY;COMPACT;-4.0;-2.0;AUT;RASCHNER Dominik;yes;07,01,2024Adelboden2AUT;54.88;0.54
2024-01-07;SL;Adelboden;R;7.0;6.9;46.8;3.2;-22.6;-6.2;6.0;1490.532;46.4790686;7.5521928;M;2.0;Switzerland;Chuenisbaergli;BRUNNER Bernd;63.0;62.0;1513.0;1302.0;211.0;13:30;MOSTLY CLOUDY;COMPACT;-4.0;-2.0;SUI;MEILLARD Loic;no;07,01,2024Adelboden2SUI;55.06;0.96
2024-01-07;SL;Adelboden;R;7.0;6.9;46.8;3.2;-22.6;-6.2;6.0;1490.532;46.4790686;7.5521928;M;2.0;Switzerland;Chuenisbaergli;BRUNNER Bernd;63.0;62.0;1513.0;1302.0;211.0;13:30;MOSTLY CLOUDY;COMPACT;-4.0;-2.0;AUT;RASCHNER Dominik;yes;07,01,2024Adelboden2AUT;54.88;1.0
2024-01-07;SL;Adelboden;R;8.0;9.8;28.8;2.0;-20.1;2.5;9.6;1487.863;46.4790948;7.5522668;M;2.0;Switzerland;Chuenisbaergli;BRUNNER Bernd;63.0;62.0;1513.0;1302.0;211.0;13:30;MOSTLY CLOUDY;COMPACT;-4.0;-2.0;SUI;MEILLARD Loic;no;07,01,2024Adelboden2SUI;55.06;1.06
2024-01-07;SL;Adelboden;R;8.0;9.8;28.8;2.0;-20.1;2.5;9.6;1487.863;46.4790948;7.5522668;M;2.0;Switzerland;Chuenisbaergli;BRUNNER Bernd;63.0;62.0;1513.0;1302.0;211.0;13:30;MOSTLY CLOUDY;COMPACT;-4.0;-2.0;AUT;RASCHNER Dominik;yes;07,01,2024Adelboden2AUT;54.88;1.04
2024-01-07;SL;Adelboden;R;9.0;12.6;33.4;3.1;-20.0;0.0;12.2;1484.468;46.4791655;7.5523307;M;2.0;Switzerland;Chuenisbaergli;BRUNNER Bernd;63.0;62.0;1513.0;1302.0;211.0;13:30;MOSTLY CLOUDY;COMPACT;-4.0;-2.0;SUI;MEILLARD Loic;no;07,01,2024Adelboden2SUI;55.06;0.78
2024-01-07;SL;Adelboden;R;9.0;12.6;33.4;3.1;-20.0;0.0;12.2;1484.468;46.4791655;7.5523307;M;2.0;Switzerland;Chuenisbaergli;BRUNNER Bernd;63.0;62.0;1513.0;1302.0;211.0;13:30;MOSTLY CLOUDY;COMPACT;-4.0;-2.0;AUT;RASCHNER Dominik;yes;07,01,2024Adelboden2AUT;54.88;0.8
2024-01-07;SL;Adelboden;R;10.0;10.8;31.5;3.1;-20.2;-0.1;10.3;1480.118;46.4792062;7.552474;M;2.0;Switzerland;Chuenisbaergli;BRUNNER Bernd;63.0;62.0;1513.0;1302.0;211.0;13:30;MOSTLY CLOUDY;COMPACT;-4.0;-2.0;SUI;MEILLARD Loic;no;07,01,2024Adelboden2SUI;55.06;0.78
2024-01-07;SL;Adelboden;R;10.0;10.8;31.5;3.1;-20.2;-0.1;10.3;1480.118;46.4792062;7.552474;M;2.0;Switzerland;Chuenisbaergli;BRUNNER Bernd;63.0;62.0;1513.0;1302.0;211.0;13:30;MOSTLY CLOUDY;COMPACT;-4.0;-2.0;AUT;RASCHNER Dominik;yes;07,01,2024Adelboden2AUT;54.88;0.82
2024-01-07;SL;Adelboden;R;11.0;9.9;26.1;2.3;-17.8;2.3;9.6;1476.38;46.4792819;7.552548;M;2.0;Switzerland;Chuenisbaergli;BRUNNER Bernd;63.0;62.0;1513.0;1302.0;211.0;13:30;MOSTLY CLOUDY;COMPACT;-4.0;-2.0;SUI;MEILLARD Loic;no;07,01,2024Adelboden2SUI;55.06;1.04
2024-01-07;SL;Adelboden;R;11.0;9.9;26.1;2.3;-17.8;2.3;9.6;1476.38;46.4792819;7.552548;M;2.0;Switzerland;Chuenisbaergli;BRUNNER Bernd;63.0;62.0;1513.0;1302.0;211.0;13:30;MOSTLY CLOUDY;COMPACT;-4.0;-2.0;AUT;RASCHNER Dominik;yes;07,01,2024Adelboden2AUT;54.88;1.02
2024-01-07;SL;Adelboden;R;12.0;11.5;34.3;3.1;-11.2;6.5;11.1;1473.343;46.4793223;7.552656;M;2.0;Switzerland;Chuenisbaergli;BRUNNER Bernd;63.0;62.0;1513.0;1302.0;211.0;13:30;MOSTLY CLOUDY;COMPACT;-4.0;-2.0;SUI;MEILLARD Loic;no;07,01,2024Adelboden2SUI;55.06;1.06
2024-01-07;SL;Adelboden;R;12.0;11.5;34.3;3.1;-11.2;6.5;11.1;1473.343;46.4793223;7.552656;M;2.0;Switzerland;Chuenisbaergli;BRUNNER Bernd;63.0;62.0;1513.0;1302.0;211.0;13:30;MOSTLY CLOUDY;COMPACT;-4.0;-2.0;AUT;RASCHNER Dominik;yes;07,01,2024Adelboden2AUT;54.88;1.04
2024-01-07;SL;Adelboden;R;13.0;10.8;55.4;5.2;-18.9;-7.6;9.4;1471.088;46.4794133;7.5527222;M;2.0;Switzerland;Chuenisbaergli;BRUNNER Bernd;63.0;62.0;1513.0;1302.0;211.0;13:30;MOSTLY CLOUDY;COMPACT;-4.0;-2.0;SUI;MEILLARD Loic;no;07,01,2024Adelboden2SUI;55.06;0.96
2024-01-07;SL;Adelboden;R;13.0;10.8;55.4;5.2;-18.9;-7.6;9.4;1471.088;46.4794133;7.5527222;M;2.0;Switzerland;Chuenisbaergli;BRUNNER Bernd;63.0;62.0;1513.0;1302.0;211.0;13:30;MOSTLY CLOUDY;COMPACT;-4.0;-2.0;AUT;RASCHNER Dominik;yes;07,01,2024Adelboden2AUT;54.88;0.92
2024-01-07;SL;Adelboden;R;14.0;10.8;48.8;4.4;-19.1;-0.2;9.8;1467.57;46.4794232;7.5528548;M;2.0;Switzerland;Chuenisbaergli;BRUNNER Bernd;63.0;62.0;1513.0;1302.0;211.0;13:30;MOSTLY CLOUDY;COMPACT;-4.0;-2.0;SUI;MEILLARD Loic;no;07,01,2024Adelboden2SUI;55.06;0.9
2024-01-07;SL;Adelboden;R;14.0;10.8;48.8;4.4;-19.1;-0.2;9.8;1467.57;46.4794232;7.5528548;M;2.0;Switzerland;Chuenisbaergli;BRUNNER Bernd;63.0;62.0;1513.0;1302.0;211.0;13:30;MOSTLY CLOUDY;COMPACT;-4.0;-2.0;AUT;RASCHNER Dominik;yes;07,01,2024Adelboden2AUT;54.88;0.86
2024-01-07;SL;Adelboden;R;15.0;10.6;33.5;3.0;-18.5;0.5;10.2;1464.023;46.4795011;7.5529252;M;2.0;Switzerland;Chuenisbaergli;BRUNNER Bernd;63.0;62.0;1513.0;1302.0;211.0;13:30;MOSTLY CLOUDY;COMPACT;-4.0;-2.0;SUI;MEILLARD Loic;no;07,01,2024Adelboden2SUI;55.06;0.92
2024-01-07;SL;Adelboden;R;15.0;10.6;33.5;3.0;-18.5;0.5;10.2;1464.023;46.4795011;7.5529252;M;2.0;Switzerland;Chuenisbaergli;BRUNNER Bernd;63.0;62.0;1513.0;1302.0;211.0;13:30;MOSTLY CLOUDY;COMPACT;-4.0;-2.0;AUT;RASCHNER Dominik;yes;07,01,2024Adelboden2AUT;54.88;0.92
2024-01-07;SL;Adelboden;R;16.0;11.1;31.2;2.9;-16.0;2.5;10.7;1460.624;46.479536;7.5530469;M;2.0;Switzerland;Chuenisbaergli;BRUNNER Bernd;63.0;62.0;1513.0;1302.0;211.0;13:30;MOSTLY CLOUDY;COMPACT;-4.0;-2.0;SUI;MEILLARD Loic;no;07,01,2024Adelboden2SUI;55.06;0.96
2024-01-07;SL;Adelboden;R;16.0;11.1;31.2;2.9;-16.0;2.5;10.7;1460.624;46.479536;7.5530469;M;2.0;Switzerland;Chuenisbaergli;BRUNNER Bernd;63.0;62.0;1513.0;1302.0;211.0;13:30;MOSTLY CLOUDY;COMPACT;-4.0;-2.0;AUT;RASCHNER Dominik;yes;07,01,2024Adelboden2AUT;54.88;1.0
2024-01-07;SL;Adelboden;R;17.0;11.4;31.6;3.0;-23.0;-7.0;10.9;1457.561;46.4796148;7.5531263;M;2.0;Switzerland;Chuenisbaergli;BRUNNER Bernd;63.0;62.0;1513.0;1302.0;211.0;13:30;MOSTLY CLOUDY;COMPACT;-4.0;-2.0;SUI;MEILLARD Loic;no;07,01,2024Adelboden2SUI;55.06;0.98
2024-01-07;SL;Adelboden;R;17.0;11.4;31.6;3.0;-23.0;-7.0;10.9;1457.561;46.4796148;7.5531263;M;2.0;Switzerland;Chuenisbaergli;BRUNNER Bernd;63.0;62.0;1513.0;1302.0;211.0;13:30;MOSTLY CLOUDY;COMPACT;-4.0;-2.0;AUT;RASCHNER Dominik;yes;07,01,2024Adelboden2AUT;54.88;0.92
2024-01-07;SL;Adelboden;R;18.0;10.3;34.8;3.2;-25.9;-2.8;9.8;1453.092;46.4796506;7.5532527;M;2.0;Switzerland;Chuenisbaergli;BRUNNER Bernd;63.0;62.0;1513.0;1302.0;211.0;13:30;MOSTLY CLOUDY;COMPACT;-4.0;-2.0;SUI;MEILLARD Loic;no;07,01,2024Adelboden2SUI;55.06;0.5
2024-01-07;SL;Adelboden;R;18.0;10.3;34.8;3.2;-25.9;-2.8;9.8;1453.092;46.4796506;7.5532527;M;2.0;Switzerland;Chuenisbaergli;BRUNNER Bernd;63.0;62.0;1513.0;1302.0;211.0;13:30;MOSTLY CLOUDY;COMPACT;-4.0;-2.0;AUT;RASCHNER Dominik;yes;07,01,2024Adelboden2AUT;54.88;0.38
2024-01-07;SL;Adelboden;R;19.0;6.5;24.0;1.6;-26.9;-1.0;6.2;1448.546;46.4797238;7.5533125;M;2.0;Switzerland;Chuenisbaergli;BRUNNER Bernd;63.0;62.0;1513.0;1302.0;211.0;13:30;MOSTLY CLOUDY;COMPACT;-4.0;-2.0;SUI;MEILLARD Loic;no;07,01,2024Adelboden2SUI;55.06;0.94
2024-01-07;SL;Adelboden;R;19.0;6.5;24.0;1.6;-26.9;-1.0;6.2;1448.546;46.4797238;7.5533125;M;2.0;Switzerland;Chuenisbaergli;BRUNNER Bernd;63.0;62.0;1513.0;1302.0;211.0;13:30;MOSTLY CLOUDY;COMPACT;-4.0;-2.0;AUT;RASCHNER Dominik;yes;07,01,2024Adelboden2AUT;54.88;0.94
2024-01-07;SL;Adelboden;R;20.0;10.7;22.3;1.5;-21.6;5.2;10.6;1445.598;46.4797527;7.5533753;M;2.0;Switzerland;Chuenisbaergli;BRUNNER Bernd;63.0;62.0;1513.0;1302.0;211.0;13:30;MOSTLY CLOUDY;COMPACT;-4.0;-2.0;SUI;MEILLARD Loic;no;07,01,2024Adelboden2SUI;55.06;0.92
2024-01-07;SL;Adelboden;R;20.0;10.7;22.3;1.5;-21.6;5.2;10.6;1445.598;46.4797527;7.5533753;M;2.0;Switzerland;Chuenisbaergli;BRUNNER Bernd;63.0;62.0;1513.0;1302.0;211.0;13:30;MOSTLY CLOUDY;COMPACT;-4.0;-2.0;AUT;RASCHNER Dominik;yes;07,01,2024Adelboden2AUT;54.88;0.9
2024-01-07;SL;Adelboden;R;21.0;11.6;22.3;2.1;-16.7;4.9;11.4;1441.612;46.4798288;7.5534453;M;2.0;Switzerland;Chuenisbaergli;BRUNNER Bernd;63.0;62.0;1513.0;1302.0;211.0;13:30;MOSTLY CLOUDY;COMPACT;-4.0;-2.0;SUI;MEILLARD Loic;no;07,01,2024Adelboden2SUI;55.06;0.96
2024-01-07;SL;Adelboden;R;21.0;11.6;22.3;2.1;-16.7;4.9;11.4;1441.612;46.4798288;7.5534453;M;2.0;Switzerland;Chuenisbaergli;BRUNNER Bernd;63.0;62.0;1513.0;1302.0;211.0;13:30;MOSTLY CLOUDY;COMPACT;-4.0;-2.0;AUT;RASCHNER Dominik;yes;07,01,2024Adelboden2AUT;54.88;0.92
2024-01-07;SL;Adelboden;R;22.0;12.7;38.9;4.0;-19.7;-3.0;12.0;1438.256;46.4798858;7.5535653;M;2.0;Switzerland;Chuenisbaergli;BRUNNER Bernd;63.0;62.0;1513.0;1302.0;211.0;13:30;MOSTLY CLOUDY;COMPACT;-4.0;-2.0;SUI;MEILLARD Loic;no;07,01,2024Adelboden2SUI;55.06;0.4
2024-01-07;SL;Adelboden;R;22.0;12.7;38.9;4.0;-19.7;-3.0;12.0;1438.256;46.4798858;7.5535653;M;2.0;Switzerland;Chuenisbaergli;BRUNNER Bernd;63.0;62.0;1513.0;1302.0;211.0;13:30;MOSTLY CLOUDY;COMPACT;-4.0;-2.0;AUT;RASCHNER Dominik;yes;07,01,2024Adelboden2AUT;54.88;0.4
2024-01-07;SL;Adelboden;R;23.0;6.3;16.5;1.2;-18.6;1.1;6.2;1433.956;46.4799903;7.5536045;M;2.0;Switzerland;Chuenisbaergli;BRUNNER Bernd;63.0;62.0;1513.0;1302.0;211.0;13:30;MOSTLY CLOUDY;COMPACT;-4.0;-2.0;SUI;MEILLARD Loic;no;07,01,2024Adelboden2SUI;55.06;0.4
2024-01-07;SL;Adelboden;R;23.0;6.3;16.5;1.2;-18.6;1.1;6.2;1433.956;46.4799903;7.5536045;M;2.0;Switzerland;Chuenisbaergli;BRUNNER Bernd;63.0;62.0;1513.0;1302.0;211.0;13:30;MOSTLY CLOUDY;COMPACT;-4.0;-2.0;AUT;RASCHNER Dominik;yes;07,01,2024Adelboden2AUT;54.88;0.4
2024-01-07;SL;Adelboden;R;24.0;6.5;3.8;0.2;-14.7;3.8;6.5;1431.921;46.4800364;7.5536463;M;2.0;Switzerland;Chuenisbaergli;BRUNNER Bernd;63.0;62.0;1513.0;1302.0;211.0;13:30;MOSTLY CLOUDY;COMPACT;-4.0;-2.0;SUI;MEILLARD Loic;no;07,01,2024Adelboden2SUI;55.06;0.7
2024-01-07;SL;Adelboden;R;24.0;6.5;3.8;0.2;-14.7;3.8;6.5;1431.921;46.4800364;7.5536463;M;2.0;Switzerland;Chuenisbaergli;BRUNNER Bernd;63.0;62.0;1513.0;1302.0;211.0;13:30;MOSTLY CLOUDY;COMPACT;-4.0;-2.0;AUT;RASCHNER Dominik;yes;07,01,2024Adelboden2AUT;54.88;0.72
2024-01-07;SL;Adelboden;R;25.0;10.3;6.6;0.4;-13.0;1.6;10.3;1430.263;46.4800847;7.5536893;M;2.0;Switzerland;Chuenisbaergli;BRUNNER Bernd;63.0;62.0;1513.0;1302.0;211.0;13:30;MOSTLY CLOUDY;COMPACT;-4.0;-2.0;SUI;MEILLARD Loic;no;07,01,2024Adelboden2SUI;55.06;0.74
2024-01-07;SL;Adelboden;R;25.0;10.3;6.6;0.4;-13.0;1.6;10.3;1430.263;46.4800847;7.5536893;M;2.0;Switzerland;Chuenisbaergli;BRUNNER Bernd;63.0;62.0;1513.0;1302.0;211.0;13:30;MOSTLY CLOUDY;COMPACT;-4.0;-2.0;AUT;RASCHNER Dominik;yes;07,01,2024Adelboden2AUT;54.88;0.72
2024-01-07;SL;Adelboden;R;26.0;11.7;17.8;1.7;-7.6;5.4;11.6;1427.917;46.4801561;7.5537708;M;2.0;Switzerland;Chuenisbaergli;BRUNNER Bernd;63.0;62.0;1513.0;1302.0;211.0;13:30;MOSTLY CLOUDY;COMPACT;-4.0;-2.0;SUI;MEILLARD Loic;no;07,01,2024Adelboden2SUI;55.06;0.74
2024-01-07;SL;Adelboden;R;26.0;11.7;17.8;1.7;-7.6;5.4;11.6;1427.917;46.4801561;7.5537708;M;2.0;Switzerland;Chuenisbaergli;BRUNNER Bernd;63.0;62.0;1513.0;1302.0;211.0;13:30;MOSTLY CLOUDY;COMPACT;-4.0;-2.0;AUT;RASCHNER Dominik;yes;07,01,2024Adelboden2AUT;54.88;0.74
2024-01-07;SL;Adelboden;R;27.0;11.1;17.8;1.7;-3.1;4.5;11.0;1426.355;46.480254;7.5538251;M;2.0;Switzerland;Chuenisbaergli;BRUNNER Bernd;63.0;62.0;1513.0;1302.0;211.0;13:30;MOSTLY CLOUDY;COMPACT;-4.0;-2.0;SUI;MEILLARD Loic;no;07,01,2024Adelboden2SUI;55.06;0.8
2024-01-07;SL;Adelboden;R;27.0;11.1;17.8;1.7;-3.1;4.5;11.0;1426.355;46.480254;7.5538251;M;2.0;Switzerland;Chuenisbaergli;BRUNNER Bernd;63.0;62.0;1513.0;1302.0;211.0;13:30;MOSTLY CLOUDY;COMPACT;-4.0;-2.0;AUT;RASCHNER Dominik;yes;07,01,2024Adelboden2AUT;54.88;0.8
2024-01-07;SL;Adelboden;R;28.0;11.2;34.3;3.3;-11.4;-8.3;10.7;1425.751;46.4803327;7.5539152;M;2.0;Switzerland;Chuenisbaergli;BRUNNER Bernd;63.0;62.0;1513.0;1302.0;211.0;13:30;MOSTLY CLOUDY;COMPACT;-4.0;-2.0;SUI;MEILLARD Loic;no;07,01,2024Adelboden2SUI;55.06;0.68
2024-01-07;SL;Adelboden;R;28.0;11.2;34.3;3.3;-11.4;-8.3;10.7;1425.751;46.4803327;7.5539152;M;2.0;Switzerland;Chuenisbaergli;BRUNNER Bernd;63.0;62.0;1513.0;1302.0;211.0;13:30;MOSTLY CLOUDY;COMPACT;-4.0;-2.0;AUT;RASCHNER Dominik;yes;07,01,2024Adelboden2AUT;54.88;0.68
2024-01-07;SL;Adelboden;R;29.0;9.3;21.3;1.8;-13.8;-2.4;9.1;1423.527;46.4804314;7.553927;M;2.0;Switzerland;Chuenisbaergli;BRUNNER Bernd;63.0;62.0;1513.0;1302.0;211.0;13:30;MOSTLY CLOUDY;COMPACT;-4.0;-2.0;SUI;MEILLARD Loic;no;07,01,2024Adelboden2SUI;55.06;0.8
2024-01-07;SL;Adelboden;R;29.0;9.3;21.3;1.8;-13.8;-2.4;9.1;1423.527;46.4804314;7.553927;M;2.0;Switzerland;Chuenisbaergli;BRUNNER Bernd;63.0;62.0;1513.0;1302.0;211.0;13:30;MOSTLY CLOUDY;COMPACT;-4.0;-2.0;AUT;RASCHNER Dominik;yes;07,01,2024Adelboden2AUT;54.88;0.8
2024-01-07;SL;Adelboden;R;30.0;11.6;20.3;1.8;-9.9;3.9;11.5;1421.276;46.4805047;7.5539798;M;2.0;Switzerland;Chuenisbaergli;BRUNNER Bernd;63.0;62.0;1513.0;1302.0;211.0;13:30;MOSTLY CLOUDY;COMPACT;-4.0;-2.0;SUI;MEILLARD Loic;no;07,01,2024Adelboden2SUI;55.06;0.9
2024-01-07;SL;Adelboden;R;30.0;11.6;20.3;1.8;-9.9;3.9;11.5;1421.276;46.4805047;7.5539798;M;2.0;Switzerland;Chuenisbaergli;BRUNNER Bernd;63.0;62.0;1513.0;1302.0;211.0;13:30;MOSTLY CLOUDY;COMPACT;-4.0;-2.0;AUT;RASCHNER Dominik;yes;07,01,2024Adelboden2AUT;54.88;0.9
2024-01-07;SL;Adelboden;R;31.0;12.4;14.8;1.5;-5.8;4.0;12.3;1419.263;46.4806077;7.5539955;M;2.0;Switzerland;Chuenisbaergli;BRUNNER Bernd;63.0;62.0;1513.0;1302.0;211.0;13:30;MOSTLY CLOUDY;COMPACT;-4.0;-2.0;SUI;MEILLARD Loic;no;07,01,2024Adelboden2SUI;55.06;0.86
2024-01-07;SL;Adelboden;R;31.0;12.4;14.8;1.5;-5.8;4.0;12.3;1419.263;46.4806077;7.5539955;M;2.0;Switzerland;Chuenisbaergli;BRUNNER Bernd;63.0;62.0;1513.0;1302.0;211.0;13:30;MOSTLY CLOUDY;COMPACT;-4.0;-2.0;AUT;RASCHNER Dominik;yes;07,01,2024Adelboden2AUT;54.88;0.98
2024-01-07;SL;Adelboden;R;32.0;12.0;25.9;2.7;-12.8;-6.9;11.7;1417.996;46.480712;7.5540516;M;2.0;Switzerland;Chuenisbaergli;BRUNNER Bernd;63.0;62.0;1513.0;1302.0;211.0;13:30;MOSTLY CLOUDY;COMPACT;-4.0;-2.0;SUI;MEILLARD Loic;no;07,01,2024Adelboden2SUI;55.06;1.0
2024-01-07;SL;Adelboden;R;32.0;12.0;25.9;2.7;-12.8;-6.9;11.7;1417.996;46.480712;7.5540516;M;2.0;Switzerland;Chuenisbaergli;BRUNNER Bernd;63.0;62.0;1513.0;1302.0;211.0;13:30;MOSTLY CLOUDY;COMPACT;-4.0;-2.0;AUT;RASCHNER Dominik;yes;07,01,2024Adelboden2AUT;54.88;1.04
2024-01-07;SL;Adelboden;R;33.0;11.9;40.3;4.1;-12.9;-0.1;11.2;1415.329;46.4808172;7.5540384;M;2.0;Switzerland;Chuenisbaergli;BRUNNER Bernd;63.0;62.0;1513.0;1302.0;211.0;13:30;MOSTLY CLOUDY;COMPACT;-4.0;-2.0;SUI;MEILLARD Loic;no;07,01,2024Adelboden2SUI;55.06;0.96
2024-01-07;SL;Adelboden;R;33.0;11.9;40.3;4.1;-12.9;-0.1;11.2;1415.329;46.4808172;7.5540384;M;2.0;Switzerland;Chuenisbaergli;BRUNNER Bernd;63.0;62.0;1513.0;1302.0;211.0;13:30;MOSTLY CLOUDY;COMPACT;-4.0;-2.0;AUT;RASCHNER Dominik;yes;07,01,2024Adelboden2AUT;54.88;1.02
2024-01-07;SL;Adelboden;R;34.0;11.6;37.6;3.8;-19.3;-6.3;11.0;1412.65;46.4809017;7.5541288;M;2.0;Switzerland;Chuenisbaergli;BRUNNER Bernd;63.0;62.0;1513.0;1302.0;211.0;13:30;MOSTLY CLOUDY;COMPACT;-4.0;-2.0;SUI;MEILLARD Loic;no;07,01,2024Adelboden2SUI;55.06;0.98
2024-01-07;SL;Adelboden;R;34.0;11.6;37.6;3.8;-19.3;-6.3;11.0;1412.65;46.4809017;7.5541288;M;2.0;Switzerland;Chuenisbaergli;BRUNNER Bernd;63.0;62.0;1513.0;1302.0;211.0;13:30;MOSTLY CLOUDY;COMPACT;-4.0;-2.0;AUT;RASCHNER Dominik;yes;07,01,2024Adelboden2AUT;54.88;1.02
2024-01-07;SL;Adelboden;R;35.0;12.3;44.3;4.5;-14.2;5.1;11.4;1408.788;46.4810008;7.5541231;M;2.0;Switzerland;Chuenisbaergli;BRUNNER Bernd;63.0;62.0;1513.0;1302.0;211.0;13:30;MOSTLY CLOUDY;COMPACT;-4.0;-2.0;SUI;MEILLARD Loic;no;07,01,2024Adelboden2SUI;55.06;0.82
2024-01-07;SL;Adelboden;R;35.0;12.3;44.3;4.5;-14.2;5.1;11.4;1408.788;46.4810008;7.5541231;M;2.0;Switzerland;Chuenisbaergli;BRUNNER Bernd;63.0;62.0;1513.0;1302.0;211.0;13:30;MOSTLY CLOUDY;COMPACT;-4.0;-2.0;AUT;RASCHNER Dominik;yes;07,01,2024Adelboden2AUT;54.88;0.84
2024-01-07;SL;Adelboden;R;36.0;9.4;21.5;2.0;-19.1;-4.9;9.2;1405.758;46.4810784;7.5542312;M;2.0;Switzerland;Chuenisbaergli;BRUNNER Bernd;63.0;62.0;1513.0;1302.0;211.0;13:30;MOSTLY CLOUDY;COMPACT;-4.0;-2.0;SUI;MEILLARD Loic;no;07,01,2024Adelboden2SUI;55.06;1.6
2024-01-07;SL;Adelboden;R;36.0;9.4;21.5;2.0;-19.1;-4.9;9.2;1405.758;46.4810784;7.5542312;M;2.0;Switzerland;Chuenisbaergli;BRUNNER Bernd;63.0;62.0;1513.0;1302.0;211.0;13:30;MOSTLY CLOUDY;COMPACT;-4.0;-2.0;AUT;RASCHNER Dominik;yes;07,01,2024Adelboden2AUT;54.88;1.6
2024-01-07;SL;Adelboden;R;37.0;5.3;38.6;2.2;-17.9;1.1;4.8;1402.645;46.4811532;7.5542748;M;2.0;Switzerland;Chuenisbaergli;BRUNNER Bernd;63.0;62.0;1513.0;1302.0;211.0;13:30;MOSTLY CLOUDY;COMPACT;-4.0;-2.0;SUI;MEILLARD Loic;no;07,01,2024Adelboden2SUI;55.06;0.94
2024-01-07;SL;Adelboden;R;37.0;5.3;38.6;2.2;-17.9;1.1;4.8;1402.645;46.4811532;7.5542748;M;2.0;Switzerland;Chuenisbaergli;BRUNNER Bernd;63.0;62.0;1513.0;1302.0;211.0;13:30;MOSTLY CLOUDY;COMPACT;-4.0;-2.0;AUT;RASCHNER Dominik;yes;07,01,2024Adelboden2AUT;54.88;0.94
2024-01-07;SL;Adelboden;R;38.0;11.0;32.4;2.0;-14.4;3.4;10.9;1401.001;46.4811741;7.5543335;M;2.0;Switzerland;Chuenisbaergli;BRUNNER Bernd;63.0;62.0;1513.0;1302.0;211.0;13:30;MOSTLY CLOUDY;COMPACT;-4.0;-2.0;SUI;MEILLARD Loic;no;07,01,2024Adelboden2SUI;55.06;1.04
2024-01-07;SL;Adelboden;R;38.0;11.0;32.4;2.0;-14.4;3.4;10.9;1401.001;46.4811741;7.5543335;M;2.0;Switzerland;Chuenisbaergli;BRUNNER Bernd;63.0;62.0;1513.0;1302.0;211.0;13:30;MOSTLY CLOUDY;COMPACT;-4.0;-2.0;AUT;RASCHNER Dominik;yes;07,01,2024Adelboden2AUT;54.88;1.02
2024-01-07;SL;Adelboden;R;39.0;10.3;26.9;2.4;-25.6;-11.1;10.0;1398.226;46.4811633;7.5544724;M;2.0;Switzerland;Chuenisbaergli;BRUNNER Bernd;63.0;62.0;1513.0;1302.0;211.0;13:30;MOSTLY CLOUDY;COMPACT;-4.0;-2.0;SUI;MEILLARD Loic;no;07,01,2024Adelboden2SUI;55.06;0.54
2024-01-07;SL;Adelboden;R;39.0;10.3;26.9;2.4;-25.6;-11.1;10.0;1398.226;46.4811633;7.5544724;M;2.0;Switzerland;Chuenisbaergli;BRUNNER Bernd;63.0;62.0;1513.0;1302.0;211.0;13:30;MOSTLY CLOUDY;COMPACT;-4.0;-2.0;AUT;RASCHNER Dominik;yes;07,01,2024Adelboden2AUT;54.88;0.58
2024-01-07;SL;Adelboden;R;40.0;10.7;36.7;3.3;-18.0;7.5;10.2;1393.761;46.4811916;7.5545865;M;2.0;Switzerland;Chuenisbaergli;BRUNNER Bernd;63.0;62.0;1513.0;1302.0;211.0;13:30;MOSTLY CLOUDY;COMPACT;-4.0;-2.0;SUI;MEILLARD Loic;no;07,01,2024Adelboden2SUI;55.06;1.28
2024-01-07;SL;Adelboden;R;40.0;10.7;36.7;3.3;-18.0;7.5;10.2;1393.761;46.4811916;7.5545865;M;2.0;Switzerland;Chuenisbaergli;BRUNNER Bernd;63.0;62.0;1513.0;1302.0;211.0;13:30;MOSTLY CLOUDY;COMPACT;-4.0;-2.0;AUT;RASCHNER Dominik;yes;07,01,2024Adelboden2AUT;54.88;1.26
2024-01-07;SL;Adelboden;R;41.0;6.2;34.3;2.3;-25.4;-7.3;5.7;1390.435;46.4811614;7.5547122;M;2.0;Switzerland;Chuenisbaergli;BRUNNER Bernd;63.0;62.0;1513.0;1302.0;211.0;13:30;MOSTLY CLOUDY;COMPACT;-4.0;-2.0;SUI;MEILLARD Loic;no;07,01,2024Adelboden2SUI;55.06;1.18
2024-01-07;SL;Adelboden;R;41.0;6.2;34.3;2.3;-25.4;-7.3;5.7;1390.435;46.4811614;7.5547122;M;2.0;Switzerland;Chuenisbaergli;BRUNNER Bernd;63.0;62.0;1513.0;1302.0;211.0;13:30;MOSTLY CLOUDY;COMPACT;-4.0;-2.0;AUT;RASCHNER Dominik;yes;07,01,2024Adelboden2AUT;54.88;1.14
2024-01-07;SL;Adelboden;R;42.0;10.5;36.8;2.4;-22.9;2.5;10.2;1387.761;46.4811763;7.5547823;M;2.0;Switzerland;Chuenisbaergli;BRUNNER Bernd;63.0;62.0;1513.0;1302.0;211.0;13:30;MOSTLY CLOUDY;COMPACT;-4.0;-2.0;SUI;MEILLARD Loic;no;07,01,2024Adelboden2SUI;55.06;1.1
2024-01-07;SL;Adelboden;R;42.0;10.5;36.8;2.4;-22.9;2.5;10.2;1387.761;46.4811763;7.5547823;M;2.0;Switzerland;Chuenisbaergli;BRUNNER Bernd;63.0;62.0;1513.0;1302.0;211.0;13:30;MOSTLY CLOUDY;COMPACT;-4.0;-2.0;AUT;RASCHNER Dominik;yes;07,01,2024Adelboden2AUT;54.88;1.18
2024-01-07;SL;Adelboden;R;43.0;9.0;34.9;2.9;-32.2;-9.3;8.5;1383.654;46.4811417;7.5548986;M;2.0;Switzerland;Chuenisbaergli;BRUNNER Bernd;63.0;62.0;1513.0;1302.0;211.0;13:30;MOSTLY CLOUDY;COMPACT;-4.0;-2.0;SUI;MEILLARD Loic;no;07,01,2024Adelboden2SUI;55.06;0.98
2024-01-07;SL;Adelboden;R;43.0;9.0;34.9;2.9;-32.2;-9.3;8.5;1383.654;46.4811417;7.5548986;M;2.0;Switzerland;Chuenisbaergli;BRUNNER Bernd;63.0;62.0;1513.0;1302.0;211.0;13:30;MOSTLY CLOUDY;COMPACT;-4.0;-2.0;AUT;RASCHNER Dominik;yes;07,01,2024Adelboden2AUT;54.88;1.08
2024-01-07;SL;Adelboden;R;44.0;10.0;43.2;3.5;-26.1;6.0;9.4;1378.822;46.4811594;7.554995;M;2.0;Switzerland;Chuenisbaergli;BRUNNER Bernd;63.0;62.0;1513.0;1302.0;211.0;13:30;MOSTLY CLOUDY;COMPACT;-4.0;-2.0;SUI;MEILLARD Loic;no;07,01,2024Adelboden2SUI;55.06;0.96
2024-01-07;SL;Adelboden;R;44.0;10.0;43.2;3.5;-26.1;6.0;9.4;1378.822;46.4811594;7.554995;M;2.0;Switzerland;Chuenisbaergli;BRUNNER Bernd;63.0;62.0;1513.0;1302.0;211.0;13:30;MOSTLY CLOUDY;COMPACT;-4.0;-2.0;AUT;RASCHNER Dominik;yes;07,01,2024Adelboden2AUT;54.88;0.9
2024-01-07;SL;Adelboden;R;45.0;10.3;47.9;4.1;-30.1;-3.9;9.4;1374.392;46.4811133;7.5550917;M;2.0;Switzerland;Chuenisbaergli;BRUNNER Bernd;63.0;62.0;1513.0;1302.0;211.0;13:30;MOSTLY CLOUDY;COMPACT;-4.0;-2.0;SUI;MEILLARD Loic;no;07,01,2024Adelboden2SUI;55.06;0.94
2024-01-07;SL;Adelboden;R;45.0;10.3;47.9;4.1;-30.1;-3.9;9.4;1374.392;46.4811133;7.5550917;M;2.0;Switzerland;Chuenisbaergli;BRUNNER Bernd;63.0;62.0;1513.0;1302.0;211.0;13:30;MOSTLY CLOUDY;COMPACT;-4.0;-2.0;AUT;RASCHNER Dominik;yes;07,01,2024Adelboden2AUT;54.88;0.86
2024-01-07;SL;Adelboden;R;46.0;10.1;33.7;2.9;-28.4;1.6;9.7;1369.218;46.4811409;7.5552007;M;2.0;Switzerland;Chuenisbaergli;BRUNNER Bernd;63.0;62.0;1513.0;1302.0;211.0;13:30;MOSTLY CLOUDY;COMPACT;-4.0;-2.0;SUI;MEILLARD Loic;no;07,01,2024Adelboden2SUI;55.06;1.04
2024-01-07;SL;Adelboden;R;46.0;10.1;33.7;2.9;-28.4;1.6;9.7;1369.218;46.4811409;7.5552007;M;2.0;Switzerland;Chuenisbaergli;BRUNNER Bernd;63.0;62.0;1513.0;1302.0;211.0;13:30;MOSTLY CLOUDY;COMPACT;-4.0;-2.0;AUT;RASCHNER Dominik;yes;07,01,2024Adelboden2AUT;54.88;1.02
2024-01-07;SL;Adelboden;R;47.0;9.9;36.4;3.1;-29.6;-1.1;9.4;1364.361;46.481115;7.5553111;M;2.0;Switzerland;Chuenisbaergli;BRUNNER Bernd;63.0;62.0;1513.0;1302.0;211.0;13:30;MOSTLY CLOUDY;COMPACT;-4.0;-2.0;SUI;MEILLARD Loic;no;07,01,2024Adelboden2SUI;55.06;0.82
2024-01-07;SL;Adelboden;R;47.0;9.9;36.4;3.1;-29.6;-1.1;9.4;1364.361;46.481115;7.5553111;M;2.0;Switzerland;Chuenisbaergli;BRUNNER Bernd;63.0;62.0;1513.0;1302.0;211.0;13:30;MOSTLY CLOUDY;COMPACT;-4.0;-2.0;AUT;RASCHNER Dominik;yes;07,01,2024Adelboden2AUT;54.88;0.86
2024-01-07;SL;Adelboden;R;48.0;10.9;38.2;3.4;-22.9;6.6;10.4;1359.453;46.4811455;7.5554145;M;2.0;Switzerland;Chuenisbaergli;BRUNNER Bernd;63.0;62.0;1513.0;1302.0;211.0;13:30;MOSTLY CLOUDY;COMPACT;-4.0;-2.0;SUI;MEILLARD Loic;no;07,01,2024Adelboden2SUI;55.06;1.0
2024-01-07;SL;Adelboden;R;48.0;10.9;38.2;3.4;-22.9;6.6;10.4;1359.453;46.4811455;7.5554145;M;2.0;Switzerland;Chuenisbaergli;BRUNNER Bernd;63.0;62.0;1513.0;1302.0;211.0;13:30;MOSTLY CLOUDY;COMPACT;-4.0;-2.0;AUT;RASCHNER Dominik;yes;07,01,2024Adelboden2AUT;54.88;0.92
2024-01-07;SL;Adelboden;R;49.0;10.4;41.0;3.7;-33.1;-10.1;9.7;1355.168;46.4811157;7.5555391;M;2.0;Switzerland;Chuenisbaergli;BRUNNER Bernd;63.0;62.0;1513.0;1302.0;211.0;13:30;MOSTLY CLOUDY;COMPACT;-4.0;-2.0;SUI;MEILLARD Loic;no;07,01,2024Adelboden2SUI;55.06;1.02
2024-01-07;SL;Adelboden;R;49.0;10.4;41.0;3.7;-33.1;-10.1;9.7;1355.168;46.4811157;7.5555391;M;2.0;Switzerland;Chuenisbaergli;BRUNNER Bernd;63.0;62.0;1513.0;1302.0;211.0;13:30;MOSTLY CLOUDY;COMPACT;-4.0;-2.0;AUT;RASCHNER Dominik;yes;07,01,2024Adelboden2AUT;54.88;0.86
2024-01-07;SL;Adelboden;R;50.0;10.0;45.8;4.0;-19.6;13.5;9.2;1349.44;46.4811507;7.5556416;M;2.0;Switzerland;Chuenisbaergli;BRUNNER Bernd;63.0;62.0;1513.0;1302.0;211.0;13:30;MOSTLY CLOUDY;COMPACT;-4.0;-2.0;SUI;MEILLARD Loic;no;07,01,2024Adelboden2SUI;55.06;0.92
2024-01-07;SL;Adelboden;R;50.0;10.0;45.8;4.0;-19.6;13.5;9.2;1349.44;46.4811507;7.5556416;M;2.0;Switzerland;Chuenisbaergli;BRUNNER Bernd;63.0;62.0;1513.0;1302.0;211.0;13:30;MOSTLY CLOUDY;COMPACT;-4.0;-2.0;AUT;RASCHNER Dominik;yes;07,01,2024Adelboden2AUT;54.88;0.86
2024-01-07;SL;Adelboden;R;51.0;11.0;34.5;3.1;-25.0;-5.4;10.5;1346.057;46.4811172;7.5557554;M;2.0;Switzerland;Chuenisbaergli;BRUNNER Bernd;63.0;62.0;1513.0;1302.0;211.0;13:30;MOSTLY CLOUDY;COMPACT;-4.0;-2.0;SUI;MEILLARD Loic;no;07,01,2024Adelboden2SUI;55.06;0.5
2024-01-07;SL;Adelboden;R;51.0;11.0;34.5;3.1;-25.0;-5.4;10.5;1346.057;46.4811172;7.5557554;M;2.0;Switzerland;Chuenisbaergli;BRUNNER Bernd;63.0;62.0;1513.0;1302.0;211.0;13:30;MOSTLY CLOUDY;COMPACT;-4.0;-2.0;AUT;RASCHNER Dominik;yes;07,01,2024Adelboden2AUT;54.88;0.48
2024-01-07;SL;Adelboden;R;52.0;10.5;34.1;3.1;-15.6;9.3;10.0;1341.387;46.4811388;7.5558819;M;2.0;Switzerland;Chuenisbaergli;BRUNNER Bernd;63.0;62.0;1513.0;1302.0;211.0;13:30;MOSTLY CLOUDY;COMPACT;-4.0;-2.0;SUI;MEILLARD Loic;no;07,01,2024Adelboden2SUI;55.06;1.06
2024-01-07;SL;Adelboden;R;52.0;10.5;34.1;3.1;-15.6;9.3;10.0;1341.387;46.4811388;7.5558819;M;2.0;Switzerland;Chuenisbaergli;BRUNNER Bernd;63.0;62.0;1513.0;1302.0;211.0;13:30;MOSTLY CLOUDY;COMPACT;-4.0;-2.0;AUT;RASCHNER Dominik;yes;07,01,2024Adelboden2AUT;54.88;1.04
2024-01-07;SL;Adelboden;R;53.0;6.5;27.0;1.8;-20.3;-4.6;6.3;1338.534;46.4811055;7.5560055;M;2.0;Switzerland;Chuenisbaergli;BRUNNER Bernd;63.0;62.0;1513.0;1302.0;211.0;13:30;MOSTLY CLOUDY;COMPACT;-4.0;-2.0;SUI;MEILLARD Loic;no;07,01,2024Adelboden2SUI;55.06;0.96
2024-01-07;SL;Adelboden;R;53.0;6.5;27.0;1.8;-20.3;-4.6;6.3;1338.534;46.4811055;7.5560055;M;2.0;Switzerland;Chuenisbaergli;BRUNNER Bernd;63.0;62.0;1513.0;1302.0;211.0;13:30;MOSTLY CLOUDY;COMPACT;-4.0;-2.0;AUT;RASCHNER Dominik;yes;07,01,2024Adelboden2AUT;54.88;1.02
2024-01-07;SL;Adelboden;R;54.0;10.9;26.7;1.9;-16.2;4.1;10.8;1336.241;46.481112;7.5560855;M;2.0;Switzerland;Chuenisbaergli;BRUNNER Bernd;63.0;62.0;1513.0;1302.0;211.0;13:30;MOSTLY CLOUDY;COMPACT;-4.0;-2.0;SUI;MEILLARD Loic;no;07,01,2024Adelboden2SUI;55.06;1.02
2024-01-07;SL;Adelboden;R;54.0;10.9;26.7;1.9;-16.2;4.1;10.8;1336.241;46.481112;7.5560855;M;2.0;Switzerland;Chuenisbaergli;BRUNNER Bernd;63.0;62.0;1513.0;1302.0;211.0;13:30;MOSTLY CLOUDY;COMPACT;-4.0;-2.0;AUT;RASCHNER Dominik;yes;07,01,2024Adelboden2AUT;54.88;1.04
2024-01-07;SL;Adelboden;R;55.0;10.9;38.3;3.6;-22.0;-5.8;10.3;1333.171;46.4810777;7.5562137;M;2.0;Switzerland;Chuenisbaergli;BRUNNER Bernd;63.0;62.0;1513.0;1302.0;211.0;13:30;MOSTLY CLOUDY;COMPACT;-4.0;-2.0;SUI;MEILLARD Loic;no;07,01,2024Adelboden2SUI;55.06;0.82
2024-01-07;SL;Adelboden;R;55.0;10.9;38.3;3.6;-22.0;-5.8;10.3;1333.171;46.4810777;7.5562137;M;2.0;Switzerland;Chuenisbaergli;BRUNNER Bernd;63.0;62.0;1513.0;1302.0;211.0;13:30;MOSTLY CLOUDY;COMPACT;-4.0;-2.0;AUT;RASCHNER Dominik;yes;07,01,2024Adelboden2AUT;54.88;0.88
2024-01-07;SL;Adelboden;R;56.0;11.3;42.8;4.0;-17.9;4.0;10.6;1329.054;46.4811075;7.5563386;M;2.0;Switzerland;Chuenisbaergli;BRUNNER Bernd;63.0;62.0;1513.0;1302.0;211.0;13:30;MOSTLY CLOUDY;COMPACT;-4.0;-2.0;SUI;MEILLARD Loic;no;07,01,2024Adelboden2SUI;55.06;0.74
2024-01-07;SL;Adelboden;R;56.0;11.3;42.8;4.0;-17.9;4.0;10.6;1329.054;46.4811075;7.5563386;M;2.0;Switzerland;Chuenisbaergli;BRUNNER Bernd;63.0;62.0;1513.0;1302.0;211.0;13:30;MOSTLY CLOUDY;COMPACT;-4.0;-2.0;AUT;RASCHNER Dominik;yes;07,01,2024Adelboden2AUT;54.88;0.76
2024-01-07;SL;Adelboden;R;57.0;10.3;42.7;3.9;-23.1;-5.1;9.5;1325.538;46.4810641;7.5564648;M;2.0;Switzerland;Chuenisbaergli;BRUNNER Bernd;63.0;62.0;1513.0;1302.0;211.0;13:30;MOSTLY CLOUDY;COMPACT;-4.0;-2.0;SUI;MEILLARD Loic;no;07,01,2024Adelboden2SUI;55.06;0.4
2024-01-07;SL;Adelboden;R;57.0;10.3;42.7;3.9;-23.1;-5.1;9.5;1325.538;46.4810641;7.5564648;M;2.0;Switzerland;Chuenisbaergli;BRUNNER Bernd;63.0;62.0;1513.0;1302.0;211.0;13:30;MOSTLY CLOUDY;COMPACT;-4.0;-2.0;AUT;RASCHNER Dominik;yes;07,01,2024Adelboden2AUT;54.88;0.4
2024-01-07;SL;Adelboden;R;58.0;9.4;37.3;3.1;-19.4;3.6;8.8;1321.491;46.481092;7.5565815;M;2.0;Switzerland;Chuenisbaergli;BRUNNER Bernd;63.0;62.0;1513.0;1302.0;211.0;13:30;MOSTLY CLOUDY;COMPACT;-4.0;-2.0;SUI;MEILLARD Loic;no;07,01,2024Adelboden2SUI;55.06;0.48
2024-01-07;SL;Adelboden;R;58.0;9.4;37.3;3.1;-19.4;3.6;8.8;1321.491;46.481092;7.5565815;M;2.0;Switzerland;Chuenisbaergli;BRUNNER Bernd;63.0;62.0;1513.0;1302.0;211.0;13:30;MOSTLY CLOUDY;COMPACT;-4.0;-2.0;AUT;RASCHNER Dominik;yes;07,01,2024Adelboden2AUT;54.88;0.5
2024-01-07;SL;Adelboden;R;59.0;6.8;20.0;1.3;-11.3;8.1;6.6;1318.358;46.4810635;7.5566896;M;2.0;Switzerland;Chuenisbaergli;BRUNNER Bernd;63.0;62.0;1513.0;1302.0;211.0;13:30;MOSTLY CLOUDY;COMPACT;-4.0;-2.0;SUI;MEILLARD Loic;no;07,01,2024Adelboden2SUI;55.06;0.84
2024-01-07;SL;Adelboden;R;59.0;6.8;20.0;1.3;-11.3;8.1;6.6;1318.358;46.4810635;7.5566896;M;2.0;Switzerland;Chuenisbaergli;BRUNNER Bernd;63.0;62.0;1513.0;1302.0;211.0;13:30;MOSTLY CLOUDY;COMPACT;-4.0;-2.0;AUT;RASCHNER Dominik;yes;07,01,2024Adelboden2AUT;54.88;0.86
2024-01-07;SL;Adelboden;R;60.0;6.6;1.2;0.0;-11.5;-0.2;6.6;1317.018;46.4810615;7.5567769;M;2.0;Switzerland;Chuenisbaergli;BRUNNER Bernd;63.0;62.0;1513.0;1302.0;211.0;13:30;MOSTLY CLOUDY;COMPACT;-4.0;-2.0;SUI;MEILLARD Loic;no;07,01,2024Adelboden2SUI;55.06;0.66
2024-01-07;SL;Adelboden;R;60.0;6.6;1.2;0.0;-11.5;-0.2;6.6;1317.018;46.4810615;7.5567769;M;2.0;Switzerland;Chuenisbaergli;BRUNNER Bernd;63.0;62.0;1513.0;1302.0;211.0;13:30;MOSTLY CLOUDY;COMPACT;-4.0;-2.0;AUT;RASCHNER Dominik;yes;07,01,2024Adelboden2AUT;54.88;0.68
2024-01-07;SL;Adelboden;R;61.0;6.0;2.7;0.1;-13.3;-1.8;6.0;1315.692;46.4810583;7.5568614;M;2.0;Switzerland;Chuenisbaergli;BRUNNER Bernd;63.0;62.0;1513.0;1302.0;211.0;13:30;MOSTLY CLOUDY;COMPACT;-4.0;-2.0;SUI;MEILLARD Loic;no;07,01,2024Adelboden2SUI;55.06;0.58
2024-01-07;SL;Adelboden;R;61.0;6.0;2.7;0.1;-13.3;-1.8;6.0;1315.692;46.4810583;7.5568614;M;2.0;Switzerland;Chuenisbaergli;BRUNNER Bernd;63.0;62.0;1513.0;1302.0;211.0;13:30;MOSTLY CLOUDY;COMPACT;-4.0;-2.0;AUT;RASCHNER Dominik;yes;07,01,2024Adelboden2AUT;54.88;0.58
2024-01-07;SL;Adelboden;R;62.0;5.3;24.2;1.1;-21.2;-7.8;5.1;1314.286;46.4810574;7.5569385;M;2.0;Switzerland;Chuenisbaergli;BRUNNER Bernd;63.0;62.0;1513.0;1302.0;211.0;13:30;MOSTLY CLOUDY;COMPACT;-4.0;-2.0;SUI;MEILLARD Loic;no;07,01,2024Adelboden2SUI;55.06;
2024-01-07;SL;Adelboden;R;62.0;5.3;24.2;1.1;-21.2;-7.8;5.1;1314.286;46.4810574;7.5569385;M;2.0;Switzerland;Chuenisbaergli;BRUNNER Bernd;63.0;62.0;1513.0;1302.0;211.0;13:30;MOSTLY CLOUDY;COMPACT;-4.0;-2.0;AUT;RASCHNER Dominik;yes;07,01,2024Adelboden2AUT;54.88;
2024-01-07;SL;Adelboden;R;63.0;11.0;34.7;2.1;-9.1;12.0;10.8;1312.359;46.4810749;7.5569979;M;2.0;Switzerland;Chuenisbaergli;BRUNNER Bernd;63.0;62.0;1513.0;1302.0;211.0;13:30;MOSTLY CLOUDY;COMPACT;-4.0;-2.0;SUI;MEILLARD Loic;no;07,01,2024Adelboden2SUI;55.06;
2024-01-07;SL;Adelboden;R;63.0;11.0;34.7;2.1;-9.1;12.0;10.8;1312.359;46.4810749;7.5569979;M;2.0;Switzerland;Chuenisbaergli;BRUNNER Bernd;63.0;62.0;1513.0;1302.0;211.0;13:30;MOSTLY CLOUDY;COMPACT;-4.0;-2.0;AUT;RASCHNER Dominik;yes;07,01,2024Adelboden2AUT;54.88;
2024-01-07;SL;Adelboden;R;64.0;9.8;18.1;1.6;-15.5;-6.3;9.6;1310.596;46.4810565;7.5571373;M;2.0;Switzerland;Chuenisbaergli;BRUNNER Bernd;63.0;62.0;1513.0;1302.0;211.0;13:30;MOSTLY CLOUDY;COMPACT;-4.0;-2.0;SUI;MEILLARD Loic;no;07,01,2024Adelboden2SUI;55.06;
2024-01-07;SL;Adelboden;R;64.0;9.8;18.1;1.6;-15.5;-6.3;9.6;1310.596;46.4810565;7.5571373;M;2.0;Switzerland;Chuenisbaergli;BRUNNER Bernd;63.0;62.0;1513.0;1302.0;211.0;13:30;MOSTLY CLOUDY;COMPACT;-4.0;-2.0;AUT;RASCHNER Dominik;yes;07,01,2024Adelboden2AUT;54.88;
2024-01-07;SL;Adelboden;R;65.0;;;;;;;1307.966;46.4810663;7.5572596;M;2.0;Switzerland;Chuenisbaergli;BRUNNER Bernd;63.0;62.0;1513.0;1302.0;211.0;13:30;MOSTLY CLOUDY;COMPACT;-4.0;-2.0;SUI;MEILLARD Loic;no;07,01,2024Adelboden2SUI;55.06;
2024-01-07;SL;Adelboden;R;65.0;;;;;;;1307.966;46.4810663;7.5572596;M;2.0;Switzerland;Chuenisbaergli;BRUNNER Bernd;63.0;62.0;1513.0;1302.0;211.0;13:30;MOSTLY CLOUDY;COMPACT;-4.0;-2.0;AUT;RASCHNER Dominik;yes;07,01,2024Adelboden2AUT;54.88;
2024-01-07;;Adelboden;;66.0;;;;;;;;;;;2.0;Switzerland;Chuenisbaergli;BRUNNER Bernd;63.0;62.0;1513.0;1302.0;211.0;13:30;MOSTLY CLOUDY;COMPACT;-4.0;-2.0;SUI;MEILLARD Loic;no;07,01,2024Adelboden2SUI;55.06;
2024-01-07;;Adelboden;;66.0;;;;;;;;;;;2.0;Switzerland;Chuenisbaergli;BRUNNER Bernd;63.0;62.0;1513.0;1302.0;211.0;13:30;MOSTLY CLOUDY;COMPACT;-4.0;-2.0;AUT;RASCHNER Dominik;yes;07,01,2024Adelboden2AUT;54.88;
2024-01-07;;Adelboden;;67.0;;;;;;;;;;;2.0;Switzerland;Chuenisbaergli;BRUNNER Bernd;63.0;62.0;1513.0;1302.0;211.0;13:30;MOSTLY CLOUDY;COMPACT;-4.0;-2.0;SUI;MEILLARD Loic;no;07,01,2024Adelboden2SUI;55.06;
2024-01-07;;Adelboden;;67.0;;;;;;;;;;;2.0;Switzerland;Chuenisbaergli;BRUNNER Bernd;63.0;62.0;1513.0;1302.0;211.0;13:30;MOSTLY CLOUDY;COMPACT;-4.0;-2.0;AUT;RASCHNER Dominik;yes;07,01,2024Adelboden2AUT;54.88;
2024-01-07;;Adelboden;;68.0;;;;;;;;;;;2.0;Switzerland;Chuenisbaergli;BRUNNER Bernd;63.0;62.0;1513.0;1302.0;211.0;13:30;MOSTLY CLOUDY;COMPACT;-4.0;-2.0;SUI;MEILLARD Loic;no;07,01,2024Adelboden2SUI;55.06;
2024-01-07;;Adelboden;;68.0;;;;;;;;;;;2.0;Switzerland;Chuenisbaergli;BRUNNER Bernd;63.0;62.0;1513.0;1302.0;211.0;13:30;MOSTLY CLOUDY;COMPACT;-4.0;-2.0;AUT;RASCHNER Dominik;yes;07,01,2024Adelboden2AUT;54.88;
